fecha,tmed,prec,tmin,tmax,dir,velmedia,racha,hrMedia,hrMax,hrMin,count,mosquito,dayofyear
2021-06-02,20.4,0.0,17.9,22.9,99.0,3.6,6.7,87.0,94.0,82.0,5.0,1,153
2021-06-03,20.6,0.0,18.6,22.7,99.0,4.7,7.5,89.0,93.0,87.0,163.0,1,154
2021-06-04,20.5,0.0,19.0,22.0,8.0,5.3,9.2,90.0,93.0,85.0,9.0,1,155
2021-06-05,20.6,0.7,18.3,23.0,99.0,2.5,6.7,80.0,93.0,69.0,9.0,1,156
2021-06-06,21.5,0.0,18.8,24.2,22.0,4.4,15.0,72.0,89.0,52.0,2.0,1,157
2021-06-07,20.6,0.0,18.0,23.2,22.0,3.6,8.9,78.0,91.0,58.0,2.0,1,158
2021-06-08,20.8,0.0,17.9,23.7,99.0,4.2,8.6,77.0,91.0,67.0,5.0,1,159
2021-06-09,22.7,0.1,19.5,25.9,20.0,2.5,5.6,76.0,91.0,53.0,6.0,1,160
2021-06-10,23.9,0.0,19.8,28.0,22.0,3.3,10.3,55.0,86.0,43.0,4.0,1,161
2021-06-11,24.6,0.0,21.0,28.3,21.0,2.5,5.3,53.0,86.0,45.0,1.0,1,162
2021-06-12,25.8,0.0,21.4,30.2,22.0,2.8,6.7,65.0,91.0,41.0,2.0,1,163
2021-06-13,25.6,0.0,22.5,28.6,22.0,2.8,9.2,57.0,69.0,45.0,4.0,1,164
2021-06-14,26.2,0.0,22.9,29.6,20.0,3.6,7.8,68.0,89.0,45.0,1.0,1,165
2021-06-15,25.2,0.0,21.8,28.6,21.0,2.5,5.8,60.0,87.0,47.0,7.0,1,166
2021-06-16,24.6,0.0,21.7,27.5,8.0,4.4,8.3,88.0,93.0,60.0,4.0,1,167
2021-06-17,23.2,0.0,21.6,24.7,9.0,7.8,13.9,91.0,93.0,67.0,0.0,0,168
2021-06-18,23.6,0.0,20.3,26.9,12.0,2.8,7.8,84.0,93.0,71.0,3.0,1,169
2021-06-19,24.1,0.0,22.1,26.1,13.0,3.3,6.4,89.0,92.0,78.0,6.0,1,170
2021-06-20,25.2,0.0,22.5,27.8,23.0,4.4,12.2,76.0,87.0,47.0,3.0,1,171
2021-06-21,24.8,0.0,21.8,27.9,21.0,5.8,11.1,64.0,88.0,43.0,3.0,1,172
2021-06-22,23.0,0.0,20.3,25.7,13.0,3.3,6.7,80.0,91.0,44.0,6.0,1,173
2021-06-23,21.8,1.0,17.6,26.1,32.0,3.1,10.8,64.0,89.0,51.0,8.0,1,174
2021-06-24,21.9,0.0,18.6,25.200000000000003,99.0,3.6,6.7,63.0,91.0,50.0,5.0,1,175
2021-06-25,22.0,0.0,19.6,24.3,20.0,5.6,12.5,82.0,92.0,77.0,3.0,1,176
2021-06-26,22.8,0.0,20.3,25.2,20.0,5.0,10.0,80.0,92.0,58.0,4.0,1,177
2021-06-27,23.4,0.0,20.8,25.9,20.0,2.8,6.7,85.0,91.0,81.0,1.0,1,178
2021-06-28,23.1,0.0,20.3,25.9,9.0,3.3,8.9,84.0,93.0,69.0,2.0,1,179
2021-06-29,23.4,0.0,21.5,25.2,14.0,4.2,11.1,81.0,87.0,69.0,4.0,1,180
2021-06-30,23.4,0.0,21.6,25.2,4.0,4.7,9.7,78.0,91.0,68.0,3.0,1,181
2021-07-01,23.8,0.0,22.1,25.5,99.0,4.7,10.8,81.0,92.0,70.0,1.0,1,182
2021-07-02,24.4,0.0,21.9,26.8,10.0,4.4,10.8,78.0,92.0,66.0,1.0,1,183
2021-07-03,24.4,0.0,22.4,26.4,2.0,3.9,10.8,85.0,92.0,76.0,1.0,1,184
2021-07-04,24.4,0.0,21.9,27.0,26.0,5.8,13.1,85.0,92.0,71.0,1.0,1,185
2021-07-05,24.2,0.0,21.8,26.7,19.0,4.7,8.9,82.0,90.0,67.0,3.0,1,186
2021-07-06,25.2,0.0,21.7,28.6,10.0,4.4,8.3,88.0,91.0,49.0,4.0,1,187
2021-07-07,24.4,0.0,22.5,26.4,20.0,3.6,7.2,70.0,90.0,48.0,6.0,1,188
2021-07-08,21.9,0.0,18.9,24.9,9.0,5.6,12.8,80.0,91.0,62.0,3.0,1,189
2021-07-09,23.9,0.0,21.5,26.3,21.0,6.4,13.9,77.0,88.0,66.0,2.0,1,190
2021-07-10,25.4,0.0,22.4,28.5,25.0,5.0,16.7,66.0,89.0,47.0,1.0,1,191
2021-07-11,25.2,0.0,22.5,27.9,16.0,2.5,15.0,84.0,92.0,62.0,0.0,0,192
2021-07-12,25.0,0.0,22.6,27.4,10.0,5.8,11.4,84.0,91.0,38.0,10.0,1,193
2021-07-13,22.0,0.0,18.5,25.6,24.0,5.0,11.1,53.0,76.0,37.0,5.0,1,194
2021-07-14,22.0,0.1,18.8,25.2,10.0,5.0,11.4,72.0,90.0,53.0,3.0,1,195
2021-07-15,22.8,0.0,20.5,25.1,21.0,3.3,9.7,80.0,92.0,70.0,6.0,1,196
2021-07-16,23.2,0.0,21.4,25.1,21.0,5.0,9.2,80.0,91.0,71.0,4.0,1,197
2021-07-17,23.8,0.0,21.8,25.7,21.0,5.0,9.4,84.0,91.0,71.0,5.0,1,198
2021-07-18,24.6,0.0,21.9,27.3,21.0,3.6,8.9,82.0,91.0,72.0,1.0,1,199
2021-07-19,26.6,0.0,23.4,29.7,25.0,5.0,12.5,59.0,87.0,51.0,3.0,1,200
2021-07-20,26.6,0.0,24.3,28.9,21.0,4.4,11.7,77.0,90.0,61.0,1.0,1,201
2021-07-21,26.2,0.0,24.4,28.1,22.0,4.7,9.2,84.0,91.0,66.0,3.0,1,202
2021-07-22,26.2,0.0,24.1,28.2,21.0,4.7,10.0,76.0,92.0,52.0,12.0,1,203
2021-07-23,25.9,0.0,23.4,28.4,21.0,2.8,9.2,84.0,92.0,59.0,14.0,1,204
2021-07-24,25.0,0.0,22.8,27.3,11.0,4.2,8.9,76.0,92.0,64.0,1.0,1,205
2021-07-25,26.2,0.0,23.5,28.9,18.0,3.6,8.6,76.0,83.0,59.0,21.0,1,206
2021-07-26,25.8,0.0,23.4,28.2,20.0,2.8,7.8,71.0,86.0,52.0,11.0,1,207
2021-07-27,26.0,0.0,23.1,28.9,99.0,5.6,11.7,73.0,90.0,48.0,2.0,1,208
2021-07-28,25.2,0.0,22.9,27.5,9.0,6.9,13.6,83.0,91.0,71.0,12.0,1,209
2021-07-29,25.2,0.0,22.4,28.0,99.0,4.7,8.1,81.0,91.0,62.0,6.0,1,210
2021-07-30,25.7,0.0,23.7,27.7,9.0,3.1,10.8,87.0,94.0,81.0,5.0,1,211
2021-07-31,23.0,7.5,18.2,27.9,26.0,3.9,20.8,79.0,92.0,60.0,3.0,1,212
2021-08-01,21.3,0.0,18.4,24.2,21.0,3.9,9.2,69.0,90.0,59.0,3.0,1,213
2021-08-02,22.8,0.0,19.7,25.9,14.0,3.6,8.1,83.0,90.0,76.0,0.0,0,214
2021-08-03,24.2,0.0,21.5,26.8,99.0,5.0,10.8,79.0,90.0,71.0,2.0,1,215
2021-08-04,24.0,0.0,20.6,27.5,9.0,6.1,15.6,87.0,93.0,74.0,1.0,1,216
2021-08-05,23.9,0.0,20.6,27.2,23.0,4.7,12.8,81.0,93.0,70.0,4.0,1,217
2021-08-06,24.2,0.0,22.7,25.7,9.0,5.8,9.7,86.0,93.0,76.0,3.0,1,218
2021-08-07,24.9,0.0,22.4,27.4,11.0,4.2,11.4,88.0,91.0,70.0,9.0,1,219
2021-08-08,24.0,0.0,21.7,26.3,10.0,5.3,8.9,72.0,82.0,65.0,2.0,1,220
2021-08-09,23.4,0.5,20.5,26.4,12.0,1.9,5.3,69.0,88.0,51.0,7.0,1,221
2021-08-10,25.6,0.0,21.4,29.7,9.0,1.9,7.5,72.0,90.0,44.0,4.0,1,222
2021-08-11,26.2,0.0,22.6,29.7,9.0,2.2,7.5,66.0,88.0,46.0,4.0,1,223
2021-08-12,26.2,0.0,23.5,29.0,27.0,2.8,6.1,87.0,93.0,66.0,5.0,1,224
2021-08-13,26.8,0.0,22.9,30.7,99.0,1.9,4.2,73.0,93.0,49.0,6.0,1,225
2021-08-14,28.0,0.0,23.8,32.1,23.0,2.5,13.3,80.0,92.0,42.0,6.0,1,226
2021-08-15,26.2,0.0,24.0,28.3,5.0,2.2,7.8,88.0,93.0,82.0,6.0,1,227
2021-08-16,27.2,0.0,24.2,30.2,21.0,4.4,10.0,77.0,90.0,56.0,14.0,1,228
2021-08-17,23.8,0.0,21.1,26.5,8.0,4.2,8.1,66.0,90.0,50.0,10.0,1,229
2021-08-18,24.2,0.0,21.3,27.1,9.0,4.4,8.1,71.0,91.0,48.0,3.0,1,230
2021-08-19,23.8,0.4,21.2,26.4,15.0,2.8,7.8,88.0,91.0,83.0,0.0,0,231
2021-08-20,24.8,0.0,21.6,28.1,20.0,3.3,8.6,82.0,90.0,76.0,10.0,1,232
2021-08-21,25.4,0.0,23.5,27.3,21.0,3.6,9.7,87.0,93.0,83.0,5.0,1,233
2021-08-22,25.8,0.0,22.5,29.0,18.0,2.5,5.6,75.0,93.0,58.0,4.0,1,234
2021-08-23,24.8,3.0,22.6,27.1,21.0,4.2,8.6,85.0,88.0,75.0,2.0,1,235
2021-08-24,23.8,0.7,21.0,26.7,21.0,3.1,8.1,75.0,94.0,61.0,3.0,1,236
2021-08-25,24.0,0.0,21.7,26.4,13.0,2.8,7.5,79.0,88.0,55.0,4.0,1,237
2021-08-26,23.8,0.0,20.5,27.1,23.0,5.0,10.8,84.0,92.0,67.0,6.0,1,238
2021-08-27,25.9,0.0,23.1,28.7,8.0,3.1,10.3,88.0,92.0,81.0,3.0,1,239
2021-08-28,24.7,0.0,23.0,26.4,12.0,5.6,10.0,72.0,89.0,64.0,2.0,1,240
2021-08-29,23.9,0.0,22.0,25.8,21.0,4.2,8.9,69.0,83.0,61.0,6.0,1,241
2021-08-30,22.3,2.4,20.8,23.8,10.0,2.2,9.2,87.0,92.0,82.0,5.0,1,242
2021-08-31,23.4,0.0,20.7,26.1,9.0,5.0,10.0,83.0,91.0,74.0,1.0,1,243
2021-09-01,22.6,0.4,20.6,24.6,8.0,5.6,12.8,81.0,89.0,53.0,0.0,0,244
2021-09-02,23.0,1.5,20.3,25.8,10.0,10.3,15.3,86.0,89.0,63.0,4.0,1,245
2021-09-03,24.2,0.2,20.9,27.5,11.0,3.9,10.8,81.0,91.0,70.0,6.0,1,246
2021-09-04,23.2,0.0,20.5,25.8,21.0,3.1,6.9,87.0,90.0,82.0,4.0,1,247
2021-09-05,24.8,0.0,22.0,27.7,22.0,4.4,11.1,87.0,92.0,81.0,5.0,1,248
2021-09-06,25.2,0.0,23.5,26.8,20.0,3.9,8.6,89.0,92.0,83.0,3.0,1,249
2021-09-07,25.6,0.2,23.6,27.6,21.0,3.1,5.6,87.0,92.0,83.0,4.0,1,250
2021-09-08,25.4,0.0,22.3,28.5,10.0,4.7,8.9,87.0,92.0,67.0,4.0,1,251
2021-09-09,25.0,0.2,23.0,26.9,99.0,5.8,11.7,86.0,91.0,76.0,5.0,1,252
2021-09-10,23.9,0.1,20.9,26.9,11.0,3.3,13.6,84.0,90.0,66.0,7.0,1,253
2021-09-11,23.0,0.0,19.5,26.6,21.0,3.3,9.4,81.0,90.0,62.0,8.0,1,254
2021-09-12,24.8,0.1,22.0,27.5,22.0,3.1,9.2,87.0,90.0,79.0,9.0,1,255
2021-09-13,25.0,0.0,22.1,27.8,21.0,4.7,10.8,87.0,92.0,76.0,8.0,1,256
2021-09-14,26.3,0.0,24.2,28.4,8.0,2.2,10.6,91.0,93.0,88.0,7.0,1,257
2021-09-15,25.0,0.6,21.8,28.1,21.0,3.9,13.9,86.0,93.0,70.0,2.0,1,258
2021-09-16,23.8,0.0,20.5,27.2,22.0,2.5,9.4,81.0,93.0,64.0,19.0,1,259
2021-09-17,24.4,0.0,21.2,27.6,21.0,4.2,11.1,73.0,90.0,52.0,10.0,1,260
2021-09-18,23.4,11.5,20.8,26.0,13.0,3.6,7.8,85.0,93.0,74.0,3.0,1,261
2021-09-19,21.0,0.0,17.6,24.5,22.0,4.7,10.8,62.0,89.0,45.0,1.0,1,262
2021-09-20,20.0,11.4,15.7,24.4,8.0,6.1,13.3,79.0,93.0,53.0,8.0,1,263
2021-09-21,19.4,0.0,16.5,22.2,35.0,1.7,7.5,65.0,88.0,57.0,47.0,1,264
2021-09-22,21.0,1.1,18.8,23.1,10.0,7.5,14.2,75.0,84.0,61.0,10.0,1,265
2021-09-23,21.2,1.7,18.4,24.1,11.0,5.8,13.9,81.0,89.0,62.0,3.0,1,266
2021-09-24,21.3,0.0,18.4,24.2,9.0,5.6,9.2,81.0,92.0,61.0,5.0,1,267
2021-09-25,23.8,0.0,21.3,26.2,21.0,2.5,7.2,87.0,93.0,72.0,4.0,1,268
2021-09-26,25.0,0.0,21.1,29.0,12.0,3.6,10.0,70.0,92.0,42.0,4.0,1,269
2021-09-27,23.5,0.0,19.4,27.6,21.0,2.5,8.3,73.0,92.0,55.0,0.0,0,270
2021-09-28,22.2,0.0,19.3,25.2,21.0,4.7,11.1,82.0,90.0,72.0,8.0,1,271
2021-09-29,22.1,10.9,20.0,24.2,22.0,1.9,12.5,85.0,92.0,79.0,8.0,1,272
2021-09-30,21.5,0.0,19.4,23.6,22.0,3.3,9.2,83.0,90.0,64.0,20.0,1,273
2021-10-01,20.6,0.0,17.3,24.0,10.0,3.6,7.5,88.0,91.0,82.0,16.0,1,274
2021-10-02,20.9,0.0,17.8,24.0,21.0,3.3,9.7,87.0,91.0,78.0,14.0,1,275
2021-10-03,20.7,25.6,17.0,24.4,22.0,5.8,12.8,89.0,93.0,65.0,17.0,1,276
2021-10-04,16.1,4.7,14.3,17.9,34.0,2.5,8.1,87.0,94.0,77.0,4.0,1,277
2021-10-05,19.1,0.0,13.8,24.4,7.0,2.8,10.0,58.0,90.0,41.0,8.0,1,278
2021-10-06,18.6,0.0,16.9,20.3,21.0,3.6,9.2,79.0,88.0,68.0,4.0,1,279
2021-10-07,18.5,0.0,15.1,21.9,12.0,3.9,12.2,81.0,89.0,56.0,6.0,1,280
2021-10-08,18.7,0.0,15.7,21.7,10.0,3.1,8.9,72.0,87.0,57.0,2.0,1,281
2021-10-09,19.0,1.0,16.9,21.2,9.0,1.9,7.5,85.0,91.0,75.0,4.0,1,282
2021-10-10,18.6,0.0,16.7,20.5,12.0,2.2,7.5,77.0,90.0,65.0,6.0,1,283
2021-10-11,18.7,0.0,15.0,22.4,21.0,2.2,7.2,77.0,89.0,60.0,8.0,1,284
2021-10-12,18.4,0.0,14.3,22.5,21.0,2.8,7.5,79.0,88.0,58.0,6.0,1,285
2021-10-13,18.7,0.0,15.2,22.2,12.0,3.3,8.3,69.0,89.0,58.0,4.0,1,286
2021-10-14,18.0,0.0,15.2,20.7,12.0,3.1,7.2,69.0,88.0,58.0,2.0,1,287
2021-10-15,19.5,0.0,15.3,23.7,99.0,2.2,7.8,77.0,93.0,66.0,2.0,1,288
2021-10-16,19.4,0.0,16.9,21.8,14.0,2.5,6.1,83.0,92.0,70.0,2.0,1,289
2021-10-17,18.8,0.0,16.2,21.5,18.0,1.9,5.8,85.0,90.0,78.0,7.0,1,290
2021-10-18,20.0,0.0,17.2,22.8,99.0,2.2,4.2,88.0,92.0,82.0,6.0,1,291
2021-10-19,20.0,0.0,17.3,22.7,22.0,4.4,10.3,88.0,92.0,77.0,6.0,1,292
2021-10-20,20.8,0.0,19.0,22.7,22.0,3.9,10.8,80.0,89.0,74.0,8.0,1,293
2021-10-21,18.6,0.4,16.7,20.5,13.0,2.5,7.5,86.0,91.0,81.0,7.0,1,294
2021-10-22,18.3,0.0,15.3,21.3,34.0,2.5,5.8,82.0,90.0,61.0,2.0,1,295
2021-10-23,16.2,0.0,13.1,19.3,35.0,2.8,8.1,72.0,89.0,58.0,2.0,1,296
2021-10-24,17.5,0.0,12.8,22.2,1.0,3.3,5.8,76.0,91.0,53.0,3.0,1,297
2021-10-25,17.2,0.0,13.9,20.6,34.0,2.5,6.7,86.0,91.0,75.0,2.0,1,298
2021-10-26,17.2,0.0,13.8,20.6,21.0,3.9,8.6,82.0,91.0,61.0,3.0,1,299
2021-10-27,17.0,0.0,13.7,20.2,10.0,4.2,8.3,76.0,86.0,62.0,2.0,1,300
2021-10-28,16.6,0.0,12.5,20.8,35.0,2.2,6.1,81.0,90.0,62.0,5.0,1,301
2021-10-29,18.2,14.8,14.4,22.1,20.0,2.2,13.6,85.0,94.0,67.0,2.0,1,302
2021-10-30,19.4,4.9,17.0,21.7,23.0,2.2,14.7,92.0,94.0,87.0,3.0,1,303
2021-10-31,20.4,1.4,16.8,24.1,27.0,3.3,8.6,90.0,94.0,63.0,2.0,1,304
2021-11-01,19.1,0.0,15.3,22.9,26.0,3.6,11.4,67.0,93.0,38.0,2.0,1,305
2021-11-02,16.3,0.1,13.0,19.6,28.0,3.1,10.8,55.0,65.0,47.0,1.0,1,306
2021-11-03,14.0,0.1,11.6,16.5,8.0,4.2,9.2,68.0,81.0,51.0,1.0,1,307
2021-11-04,13.1,0.3,9.5,16.7,33.0,2.5,8.3,73.0,89.0,65.0,1.0,1,308
2021-11-05,12.6,0.0,9.2,15.9,34.0,2.8,7.8,72.0,89.0,59.0,2.0,1,309
2021-11-06,13.5,0.0,8.2,18.8,10.0,2.5,12.5,44.0,64.0,36.0,1.0,1,310
2021-11-07,13.7,0.0,8.6,18.8,28.0,1.9,7.2,51.0,64.0,36.0,0.0,0,311
2021-11-08,13.6,0.0,9.3,18.0,21.0,2.2,6.7,69.0,86.0,48.0,2.0,1,312
2021-11-09,13.4,0.4,10.2,16.7,7.0,3.9,12.2,62.0,86.0,45.0,0.0,0,313
2021-11-10,14.1,13.7,12.3,15.9,8.0,3.1,10.3,83.0,93.0,70.0,1.0,1,314
2021-11-11,16.0,1.4,14.0,17.9,8.0,8.3,18.1,88.0,92.0,72.0,3.0,1,315
2021-11-12,17.6,0.4,15.4,19.7,8.0,3.9,11.7,72.0,83.0,57.0,2.0,1,316
2021-11-13,16.8,0.0,14.6,19.0,10.0,1.9,8.3,77.0,89.0,64.0,2.0,1,317
2021-11-14,13.8,4.2,11.7,16.0,14.0,3.3,11.4,84.0,93.0,73.0,0.0,0,318
2021-11-15,13.1,0.1,10.8,15.4,2.0,1.1,5.3,75.0,93.0,61.0,3.0,1,319
2021-11-16,12.8,1.5,10.5,15.2,35.0,3.1,6.7,73.0,89.0,64.0,1.0,1,320
2021-11-17,13.5,0.0,10.1,16.9,3.0,2.5,8.3,73.0,88.0,55.0,3.0,1,321
2021-11-18,12.6,0.0,9.4,15.8,34.0,2.2,6.7,71.0,87.0,57.0,1.0,1,322
2021-11-19,12.4,0.0,8.2,16.5,1.0,2.2,5.0,84.0,91.0,76.0,5.0,1,323
2021-11-20,11.8,0.0,7.6,15.9,36.0,1.7,8.6,81.0,92.0,69.0,1.0,1,324
2021-11-21,14.4,0.5,11.8,16.9,9.0,2.2,5.0,89.0,92.0,67.0,2.0,1,325
2021-11-22,13.1,0.0,10.8,15.4,10.0,4.4,11.1,85.0,91.0,70.0,0.0,0,326
2021-11-23,13.2,14.4,11.2,15.2,9.0,11.7,20.8,85.0,94.0,73.0,0.0,0,327
2021-11-24,12.2,5.7,9.5,14.8,10.0,9.4,16.9,88.0,93.0,76.0,0.0,0,328
2021-11-25,11.4,4.7,9.4,13.3,15.0,4.4,16.9,77.0,93.0,68.0,2.0,1,329
2021-11-26,10.8,0.0,8.4,13.2,35.0,1.1,9.7,70.0,81.0,61.0,7.0,1,330
2021-11-27,9.2,0.0,6.0,12.5,29.0,3.9,12.2,66.0,77.0,58.0,0.0,0,331
2021-11-28,8.0,0.0,5.3,10.7,32.0,5.3,16.7,65.0,77.0,51.0,1.0,1,332
2021-11-29,9.8,0.0,5.3,14.4,10.0,1.9,16.1,56.0,82.0,43.0,0.0,0,333
2021-11-30,10.5,0.0,6.5,14.5,20.0,2.2,5.3,78.0,87.0,73.0,1.0,1,334
2021-12-01,11.7,2.1,8.5,14.9,31.0,2.2,10.6,77.0,88.0,62.0,1.0,1,335
2021-12-02,11.3,0.0,8.4,14.2,35.0,2.5,10.0,67.0,92.0,30.0,0.0,0,336
2021-12-03,9.1,0.0,4.9,13.3,33.0,2.2,10.3,67.0,77.0,38.0,0.0,0,337
2021-12-04,13.2,0.0,9.0,17.5,32.0,4.2,13.3,63.0,84.0,52.0,1.0,1,338
2021-12-05,9.8,0.0,7.1,12.4,30.0,3.1,17.5,57.0,69.0,44.0,1.0,1,339
2021-12-06,10.4,0.0,6.2,14.7,99.0,2.5,8.6,54.0,79.0,41.0,1.0,1,340
2021-12-07,11.2,0.0,7.1,15.2,23.0,3.6,8.3,81.0,90.0,61.0,1.0,1,341
2021-12-08,10.8,0.0,7.7,14.0,30.0,6.4,21.7,46.0,91.0,41.0,0.0,0,342
2021-12-09,9.2,0.0,6.4,11.9,32.0,4.2,12.8,62.0,81.0,50.0,0.0,0,343
2021-12-10,13.2,0.0,9.6,16.9,29.0,6.7,18.9,61.0,86.0,50.0,0.0,0,344
2021-12-11,10.5,0.0,6.7,14.3,10.0,3.3,6.4,77.0,85.0,65.0,0.0,0,345
2021-12-12,13.1,0.0,9.2,17.0,99.0,1.9,5.3,76.0,89.0,61.0,1.0,1,346
2021-12-13,12.0,0.0,7.7,16.3,20.0,3.1,8.3,87.0,92.0,76.0,0.0,0,347
2021-12-14,10.8,0.0,6.7,14.8,1.0,1.9,5.6,90.0,93.0,78.0,0.0,0,348
2021-12-15,11.2,0.0,6.0,16.4,35.0,1.1,5.0,76.0,90.0,55.0,1.0,1,349
2021-12-16,10.8,0.0,7.0,14.5,1.0,1.9,5.6,84.0,93.0,69.0,2.0,1,350
2021-12-17,11.0,0.0,8.3,13.7,9.0,3.1,5.8,86.0,93.0,79.0,0.0,0,351
2021-12-18,10.2,0.0,6.3,14.1,36.0,2.2,5.3,87.0,92.0,72.0,1.0,1,352
2021-12-19,9.6,0.0,5.5,13.6,23.0,2.8,7.5,86.0,92.0,76.0,0.0,0,353
2021-12-20,10.6,0.0,6.0,15.3,26.0,1.9,10.0,68.0,85.0,54.0,2.0,1,354
2021-12-21,8.8,0.0,4.8,12.9,35.0,3.9,7.2,86.0,92.0,74.0,1.0,1,355
2021-12-22,10.4,0.2,9.6,11.3,9.0,1.9,5.3,91.0,95.0,89.0,1.0,1,356
2021-12-23,12.4,0.0,10.2,14.5,25.0,1.7,6.7,90.0,94.0,87.0,3.0,1,357
2021-12-24,13.8,0.1,12.5,15.2,27.0,1.9,7.5,89.0,93.0,86.0,1.0,1,358
2021-12-25,14.8,0.0,11.3,18.4,99.0,2.2,8.3,77.0,92.0,53.0,0.0,0,359
2021-12-26,13.8,0.0,10.2,17.3,28.0,2.5,7.2,74.0,86.0,60.0,0.0,0,360
2021-12-27,16.6,0.0,12.9,20.4,32.0,1.9,13.3,67.0,86.0,51.0,2.0,1,361
2021-12-28,17.4,0.0,14.8,19.9,34.0,3.6,11.9,60.0,69.0,53.0,2.0,1,362
2021-12-29,17.1,0.0,12.9,21.3,27.0,1.9,9.7,67.0,83.0,53.0,5.0,1,363
2021-12-30,16.4,0.0,12.9,20.0,35.0,1.7,6.4,78.0,90.0,57.0,1.0,1,364
2021-12-31,13.6,0.0,9.5,17.7,35.0,2.2,5.3,86.0,93.0,64.0,1.0,1,365
2022-01-01,11.9,0.0,7.7,16.1,20.0,2.5,5.8,90.0,94.0,64.0,0.0,0,1
2022-01-02,10.4,0.0,6.5,14.3,20.0,2.5,5.6,90.0,93.0,68.0,0.0,0,2
2022-01-03,11.7,0.0,8.2,15.2,26.0,2.5,7.5,88.0,93.0,70.0,0.0,0,3
2022-01-04,15.4,5.1,11.1,19.7,26.0,3.9,8.3,84.0,93.0,57.0,1.0,1,4
2022-01-05,10.3,0.8,6.9,13.7,9.0,0.8,14.7,75.0,93.0,57.0,0.0,0,5
2022-01-06,8.6,0.0,5.2,12.1,33.0,3.1,9.2,46.0,65.0,33.0,2.0,1,6
2022-01-07,8.4,0.0,4.8,12.0,35.0,2.2,6.7,55.0,61.0,42.0,1.0,1,7
2022-01-08,10.5,0.0,7.1,13.9,32.0,1.9,10.8,64.0,77.0,48.0,2.0,1,8
2022-01-09,12.6,0.0,9.9,15.2,32.0,3.9,15.3,66.0,83.0,47.0,1.0,1,9
2022-01-10,10.8,0.0,9.4,12.1,10.0,3.9,11.7,91.0,93.0,83.0,0.0,0,10
2022-01-11,11.1,0.0,7.0,15.2,19.0,2.5,9.7,87.0,93.0,76.0,2.0,1,11
2022-01-12,9.9,0.0,7.1,12.7,10.0,2.8,10.0,73.0,85.0,60.0,3.0,1,12
2022-01-13,8.4,0.0,4.3,12.4,1.0,1.9,5.6,76.0,89.0,59.0,0.0,0,13
2022-01-14,8.8,0.0,3.9,13.6,1.0,2.5,6.7,66.0,88.0,46.0,1.0,1,14
2022-01-15,10.2,0.0,6.4,14.1,99.0,2.8,7.2,44.0,85.0,33.0,1.0,1,15
2022-01-16,8.4,0.0,3.2,13.5,2.0,2.5,6.1,57.0,68.0,40.0,1.0,1,16
2022-01-17,10.6,0.0,5.6,15.7,26.0,2.2,6.4,53.0,67.0,36.0,0.0,0,17
2022-01-18,9.3,0.0,6.0,12.6,9.0,3.9,7.2,77.0,90.0,53.0,0.0,0,18
2022-01-19,9.0,0.0,5.5,12.4,36.0,2.2,5.3,83.0,91.0,72.0,1.0,1,19
2022-01-20,9.6,0.0,5.3,13.8,22.0,3.1,7.2,75.0,91.0,60.0,0.0,0,20
2022-01-21,8.6,0.0,5.7,11.6,34.0,2.8,8.1,71.0,83.0,64.0,2.0,1,21
2022-01-22,8.0,0.0,4.0,12.0,32.0,2.8,8.6,55.0,80.0,44.0,0.0,0,22
2022-01-23,7.9,0.0,3.5,12.3,35.0,3.1,5.8,75.0,89.0,59.0,0.0,0,23
2022-01-24,8.8,0.0,4.3,13.4,35.0,2.2,6.4,82.0,91.0,67.0,0.0,0,24
2022-01-25,8.7,0.0,4.4,13.0,1.0,2.5,5.3,85.0,92.0,63.0,1.0,1,25
2022-01-26,9.2,0.0,4.1,14.4,20.0,3.6,6.9,79.0,93.0,51.0,1.0,1,26
2022-01-27,9.6,0.0,4.4,14.7,36.0,2.5,5.8,80.0,92.0,43.0,3.0,1,27
2022-01-28,11.6,0.0,4.8,18.3,3.0,2.5,10.8,56.0,75.0,38.0,0.0,0,28
2022-01-29,12.0,0.0,7.5,16.4,1.0,2.8,5.6,62.0,81.0,45.0,0.0,0,29
2022-01-30,11.0,0.0,4.7,17.4,34.0,2.5,7.2,62.0,73.0,37.0,0.0,0,30
2022-01-31,11.4,0.0,7.7,15.0,13.0,1.9,7.8,78.0,92.0,42.0,0.0,0,31
2022-02-01,11.0,0.0,7.6,14.3,35.0,1.7,9.7,69.0,92.0,49.0,0.0,0,32
2022-02-02,12.8,0.0,9.8,15.9,3.0,1.7,7.8,79.0,92.0,55.0,1.0,1,33
2022-02-03,11.4,0.0,6.5,16.4,99.0,3.1,8.3,88.0,94.0,62.0,0.0,0,34
2022-02-04,10.8,0.0,8.3,13.3,21.0,3.1,7.2,89.0,93.0,73.0,1.0,1,35
2022-02-05,12.6,0.0,9.9,15.2,8.0,2.2,4.4,90.0,93.0,84.0,0.0,0,36
2022-02-06,12.0,0.0,9.1,15.0,28.0,2.2,8.6,57.0,92.0,43.0,1.0,1,37
2022-02-07,12.9,0.0,8.0,17.8,32.0,1.7,6.7,61.0,85.0,41.0,1.0,1,38
2022-02-08,11.8,0.0,8.4,15.1,99.0,3.9,7.5,84.0,92.0,65.0,0.0,0,39
2022-02-09,11.2,0.0,7.9,14.5,21.0,4.4,8.6,87.0,92.0,72.0,0.0,0,40
2022-02-10,10.0,0.0,6.0,13.9,21.0,2.8,7.2,87.0,91.0,68.0,0.0,0,41
2022-02-11,11.0,0.0,6.5,15.5,20.0,2.2,5.6,84.0,91.0,63.0,0.0,0,42
2022-02-12,11.6,0.6,10.4,12.7,10.0,2.2,7.8,84.0,91.0,75.0,0.0,0,43
2022-02-13,13.0,0.1,10.4,15.5,24.0,4.4,12.5,85.0,93.0,71.0,0.0,0,44
2022-02-14,13.8,0.0,10.5,17.0,9.0,6.4,13.6,74.0,93.0,37.0,2.0,1,45
2022-02-15,12.6,0.0,7.9,17.2,33.0,3.9,10.8,64.0,87.0,32.0,0.0,0,46
2022-02-16,12.6,0.0,8.9,16.3,32.0,2.2,10.0,66.0,92.0,51.0,0.0,0,47
2022-02-17,15.0,0.0,10.5,19.6,22.0,2.8,8.9,74.0,92.0,52.0,0.0,0,48
2022-02-18,13.7,0.0,9.7,17.7,24.0,3.6,10.8,89.0,94.0,57.0,0.0,0,49
2022-02-19,11.9,0.0,10.1,13.7,35.0,1.7,6.7,80.0,93.0,69.0,0.0,0,50
2022-02-20,11.3,0.0,7.9,14.7,21.0,3.6,8.3,74.0,82.0,46.0,0.0,0,51
2022-02-21,13.2,0.0,8.5,17.9,8.0,4.7,11.7,82.0,92.0,46.0,1.0,1,52
2022-02-22,13.0,0.0,9.8,16.3,34.0,2.8,11.7,62.0,87.0,44.0,1.0,1,53
2022-02-23,12.6,0.0,8.9,16.2,24.0,3.9,9.4,87.0,91.0,63.0,0.0,0,54
2022-02-24,13.1,0.0,10.8,15.4,20.0,3.3,9.7,90.0,93.0,78.0,0.0,0,55
2022-02-25,12.2,1.1,10.3,14.2,99.0,1.9,6.1,86.0,90.0,71.0,0.0,0,56
2022-02-26,10.8,0.0,9.4,12.2,11.0,3.9,11.7,66.0,92.0,45.0,0.0,0,57
2022-02-27,10.4,0.0,7.0,13.8,20.0,3.9,8.1,71.0,85.0,62.0,0.0,0,58
2022-02-28,12.4,0.0,10.5,14.2,24.0,3.6,8.9,76.0,84.0,69.0,0.0,0,59
2022-03-01,12.3,0.0,8.3,16.3,11.0,3.6,8.3,83.0,89.0,62.0,0.0,0,60
2022-03-02,11.3,0.6,9.1,13.5,22.0,3.1,7.5,91.0,93.0,86.0,0.0,0,61
2022-03-03,13.0,0.0,10.4,15.5,22.0,4.2,10.6,79.0,91.0,58.0,1.0,1,62
2022-03-04,12.4,0.0,9.2,15.6,21.0,3.3,7.8,86.0,92.0,65.0,2.0,1,63
2022-03-05,13.3,9.3,10.8,15.8,35.0,3.9,7.8,69.0,82.0,49.0,0.0,0,64
2022-03-06,10.6,0.4,8.8,12.3,9.0,1.7,5.6,81.0,93.0,65.0,0.0,0,65
2022-03-07,11.5,0.0,9.7,13.3,9.0,3.1,8.9,76.0,85.0,65.0,0.0,0,66
2022-03-08,10.2,1.5,8.0,12.3,26.0,2.8,5.8,88.0,93.0,74.0,1.0,1,67
2022-03-09,11.9,3.2,8.8,15.0,24.0,2.5,7.2,88.0,93.0,79.0,2.0,1,68
2022-03-10,11.6,0.0,9.3,14.0,22.0,4.4,10.3,91.0,92.0,86.0,0.0,0,69
2022-03-11,12.4,19.0,10.7,14.2,9.0,1.7,6.7,90.0,94.0,83.0,0.0,0,70
2022-03-12,11.6,17.0,10.4,12.7,13.0,2.8,16.7,91.0,95.0,88.0,0.0,0,71
2022-03-13,12.8,0.9,9.3,16.3,9.0,1.9,13.3,90.0,92.0,65.0,0.0,0,72
2022-03-14,12.6,0.0,11.3,13.9,9.0,11.9,18.1,90.0,92.0,69.0,0.0,0,73
2022-03-15,13.3,0.0,12.7,13.9,8.0,11.9,16.1,93.0,93.0,91.0,1.0,1,74
2022-03-16,14.2,0.0,12.9,15.5,9.0,9.7,15.3,91.0,93.0,67.0,0.0,0,75
2022-03-17,14.2,0.0,12.8,15.5,9.0,8.1,17.2,88.0,91.0,65.0,0.0,0,76
2022-03-18,14.4,0.8,13.0,15.8,8.0,7.2,16.7,70.0,89.0,56.0,0.0,0,77
2022-03-19,12.3,0.1,11.1,13.5,8.0,6.1,15.6,87.0,92.0,74.0,0.0,0,78
2022-03-20,12.4,0.6,10.8,14.1,9.0,4.7,8.9,92.0,94.0,81.0,4.0,1,79
2022-03-21,12.4,1.7,11.0,13.9,8.0,8.6,14.2,88.0,93.0,82.0,0.0,0,80
2022-03-22,11.5,3.0,9.7,13.3,10.0,7.8,13.3,78.0,93.0,64.0,1.0,1,81
2022-03-23,10.6,0.3,8.5,12.8,10.0,6.7,13.3,84.0,90.0,73.0,1.0,1,82
2022-03-24,11.4,0.0,9.7,13.1,,4.7,,78.0,91.0,61.0,0.0,0,83
2022-03-25,12.6,0.0,11.1,14.2,9.0,7.2,13.9,76.0,92.0,57.0,0.0,0,84
2022-03-26,12.8,0.4,11.7,13.8,9.0,5.8,12.5,76.0,91.0,61.0,1.0,1,85
2022-03-27,14.6,0.0,11.6,17.5,9.0,3.9,8.3,73.0,89.0,50.0,1.0,1,86
2022-03-28,15.3,0.0,11.4,19.2,36.0,2.2,5.3,65.0,92.0,39.0,1.0,1,87
2022-03-29,13.0,1.1,11.7,14.4,9.0,5.6,13.3,81.0,93.0,61.0,2.0,1,88
2022-03-30,12.4,16.3,10.2,14.6,4.0,2.5,9.4,89.0,93.0,60.0,5.0,1,89
2022-03-31,12.6,2.2,10.4,14.7,8.0,2.2,9.7,89.0,93.0,81.0,0.0,0,90
2022-04-01,10.2,0.0,6.2,14.3,29.0,6.1,16.1,30.0,91.0,15.0,2.0,1,91
2022-04-02,10.1,0.0,4.3,15.9,7.0,5.8,15.8,54.0,71.0,25.0,1.0,1,92
2022-04-03,7.5,0.9,6.1,8.9,11.0,3.1,7.8,69.0,85.0,41.0,0.0,0,93
2022-04-04,8.5,0.0,4.3,12.7,11.0,5.6,13.3,62.0,85.0,45.0,1.0,1,94
2022-04-05,10.8,0.0,6.6,14.9,34.0,3.3,6.4,59.0,70.0,45.0,0.0,0,95
2022-04-06,13.1,0.0,9.8,16.4,23.0,3.9,8.6,68.0,90.0,48.0,5.0,1,96
2022-04-07,16.0,0.0,8.6,23.4,24.0,3.9,14.7,49.0,89.0,32.0,5.0,1,97
2022-04-08,18.7,0.0,12.9,24.5,27.0,3.6,13.9,58.0,89.0,29.0,9.0,1,98
2022-04-09,15.8,0.0,12.6,19.0,14.0,3.9,12.8,79.0,91.0,48.0,4.0,1,99
2022-04-10,14.1,0.0,12.2,16.0,23.0,3.6,10.3,77.0,93.0,67.0,5.0,1,100
2022-04-11,13.2,0.0,10.6,15.9,9.0,5.8,13.6,88.0,93.0,82.0,1.0,1,101
2022-04-12,13.6,0.4,12.9,14.2,9.0,9.2,17.2,91.0,94.0,87.0,7.0,1,102
2022-04-13,13.4,1.6,12.7,14.1,9.0,10.3,15.3,92.0,94.0,77.0,2.0,1,103
2022-04-14,16.6,0.0,12.5,20.8,9.0,4.4,14.7,66.0,89.0,39.0,5.0,1,104
2022-04-15,18.3,0.0,14.0,22.6,99.0,3.1,6.4,55.0,80.0,44.0,1.0,1,105
2022-04-16,17.6,0.0,14.4,20.7,22.0,3.6,7.8,77.0,91.0,64.0,0.0,0,106
2022-04-17,16.6,0.0,13.5,19.8,12.0,2.8,8.6,81.0,91.0,66.0,1.0,1,107
2022-04-18,15.2,0.0,12.3,18.0,9.0,1.7,5.6,83.0,93.0,66.0,0.0,0,108
2022-04-19,14.8,0.6,11.9,17.7,3.0,1.7,5.3,82.0,93.0,62.0,0.0,0,109
2022-04-20,14.2,3.6,13.2,15.1,8.0,11.7,18.3,88.0,94.0,78.0,4.0,1,110
2022-04-21,12.7,11.4,10.9,14.5,9.0,2.5,15.3,90.0,93.0,82.0,1.0,1,111
2022-04-22,15.6,0.1,12.4,18.9,23.0,4.4,12.2,71.0,93.0,53.0,99.0,1,112
2022-04-23,13.0,10.2,10.4,15.7,26.0,4.4,18.6,77.0,93.0,57.0,3.0,1,113
2022-04-24,15.8,0.0,11.7,20.0,26.0,3.6,12.2,64.0,88.0,51.0,1.0,1,114
2022-04-25,15.1,0.0,12.1,18.1,20.0,3.1,8.3,81.0,92.0,58.0,1.0,1,115
2022-04-26,15.1,0.0,11.5,18.7,21.0,3.1,8.3,75.0,91.0,60.0,3.0,1,116
2022-04-27,16.4,0.0,13.3,19.4,20.0,1.7,5.3,67.0,92.0,58.0,4.0,1,117
2022-04-28,16.8,0.0,14.3,19.3,10.0,2.5,10.8,71.0,83.0,61.0,174.0,1,118
2022-04-29,18.6,0.0,14.7,22.6,99.0,3.3,7.5,72.0,89.0,53.0,2.0,1,119
2022-04-30,17.9,0.2,15.3,20.5,22.0,2.5,7.2,84.0,91.0,70.0,2.0,1,120
2022-05-01,17.7,0.0,15.2,20.2,21.0,2.2,5.8,86.0,90.0,81.0,0.0,0,121
2022-05-02,17.6,0.4,15.0,20.3,10.0,2.5,5.6,86.0,93.0,70.0,1.0,1,122
2022-05-03,16.0,0.5,14.0,17.9,10.0,3.1,8.1,89.0,93.0,83.0,7.0,1,123
2022-05-04,15.6,0.0,13.2,18.1,4.0,3.6,11.4,88.0,92.0,82.0,245.0,1,124
2022-05-05,17.4,0.3,13.5,21.2,15.0,2.5,7.2,82.0,91.0,64.0,315.0,1,125
2022-05-06,16.8,0.0,13.4,20.2,19.0,1.7,6.4,70.0,89.0,50.0,6.0,1,126
2022-05-07,18.4,0.0,14.3,22.5,14.0,3.1,6.4,70.0,91.0,47.0,2.0,1,127
2022-05-08,18.0,0.0,14.7,21.3,10.0,2.2,7.2,79.0,93.0,57.0,18.0,1,128
2022-05-09,18.8,0.0,15.3,22.3,4.0,2.2,5.3,72.0,91.0,53.0,8.0,1,129
2022-05-10,19.0,0.0,15.3,22.6,22.0,4.4,11.1,65.0,91.0,46.0,6.0,1,130
2022-05-11,18.9,0.0,15.9,21.9,21.0,5.3,11.4,78.0,91.0,58.0,10.0,1,131
2022-05-12,18.1,0.0,15.4,20.8,21.0,2.5,6.4,84.0,93.0,71.0,13.0,1,132
2022-05-13,17.6,0.0,14.2,21.1,4.0,1.9,4.7,81.0,93.0,69.0,25.0,1,133
2022-05-14,18.4,0.0,15.5,21.4,21.0,2.5,6.7,78.0,93.0,54.0,12.0,1,134
2022-05-15,19.6,0.0,17.0,22.3,21.0,3.1,7.8,82.0,93.0,61.0,12.0,1,135
2022-05-16,21.4,0.0,17.8,24.9,21.0,1.9,6.4,77.0,93.0,42.0,7.0,1,136
2022-05-17,19.6,0.0,16.8,22.4,20.0,3.1,6.7,89.0,93.0,80.0,5.0,1,137
2022-05-18,21.2,0.0,18.4,24.0,20.0,2.2,6.1,87.0,94.0,81.0,5.0,1,138
2022-05-19,21.2,0.0,19.1,23.4,10.0,3.3,5.8,90.0,93.0,70.0,5.0,1,139
2022-05-20,22.4,0.0,19.4,25.5,2.0,1.9,4.7,77.0,92.0,58.0,5.0,1,140
2022-05-21,24.0,0.0,18.1,29.9,22.0,4.2,11.4,54.0,92.0,31.0,6.0,1,141
2022-05-22,25.0,0.0,19.8,30.3,22.0,5.0,10.0,78.0,92.0,35.0,4.0,1,142
2022-05-23,21.0,0.0,17.5,24.5,8.0,3.3,9.2,86.0,92.0,70.0,3.0,1,143
2022-05-24,18.0,15.9,14.7,21.2,9.0,3.3,11.9,85.0,93.0,74.0,3.0,1,144
2022-05-25,17.8,0.1,14.0,21.5,34.0,1.4,9.2,71.0,92.0,52.0,8.0,1,145
2022-05-26,21.3,0.0,18.2,24.4,21.0,3.9,7.5,69.0,86.0,43.0,171.0,1,146
2022-05-27,22.6,0.0,19.4,25.9,21.0,4.2,9.7,67.0,90.0,54.0,10.0,1,147
2022-05-28,22.9,0.0,18.9,26.9,18.0,2.5,6.7,76.0,93.0,49.0,3.0,1,148
2022-05-29,21.2,0.0,18.3,24.0,13.0,3.1,7.5,75.0,93.0,63.0,6.0,1,149
2022-05-30,20.4,0.0,18.1,22.8,99.0,3.1,6.4,68.0,81.0,52.0,4.0,1,150
2022-05-31,20.6,0.0,17.8,23.4,36.0,2.5,6.1,79.0,91.0,57.0,310.0,1,151
2022-06-01,20.4,0.0,18.0,22.7,19.0,3.6,7.2,87.0,93.0,81.0,16.0,1,152
2022-06-02,20.8,0.0,18.7,22.8,9.0,3.3,8.9,87.0,94.0,78.0,107.0,1,153
2022-06-03,21.6,0.0,18.4,24.9,21.0,3.3,7.5,90.0,94.0,71.0,3.0,1,154
2022-06-04,21.8,0.0,19.4,24.3,99.0,3.1,6.7,89.0,93.0,85.0,1.0,1,155
2022-06-05,23.0,0.0,19.8,26.1,8.0,2.8,6.1,85.0,93.0,74.0,8.0,1,156
2022-06-06,23.7,0.0,20.7,26.7,21.0,3.9,8.9,81.0,92.0,65.0,7.0,1,157
2022-06-07,22.8,0.0,20.3,25.3,20.0,3.6,9.2,86.0,91.0,78.0,6.0,1,158
2022-06-08,22.8,0.0,20.7,24.9,10.0,3.6,9.7,85.0,91.0,79.0,13.0,1,159
2022-06-09,22.4,0.0,20.3,24.6,11.0,3.3,8.6,80.0,88.0,69.0,5.0,1,160
2022-06-10,22.5,0.0,19.2,25.8,21.0,5.0,10.0,85.0,90.0,80.0,6.0,1,161
2022-06-11,24.0,0.0,21.0,27.1,21.0,2.8,8.6,80.0,91.0,57.0,8.0,1,162
2022-06-12,25.3,0.0,22.4,28.2,28.0,2.8,9.2,80.0,91.0,44.0,7.0,1,163
2022-06-13,26.0,0.0,22.0,30.0,21.0,4.4,8.3,64.0,91.0,38.0,3.0,1,164
2022-06-14,24.1,0.1,20.9,27.3,24.0,1.9,10.3,60.0,89.0,41.0,7.0,1,165
2022-06-15,25.2,0.0,22.5,27.8,28.0,2.8,10.3,76.0,91.0,37.0,3.0,1,166
2022-06-16,25.2,0.0,21.7,28.7,10.0,1.7,6.7,82.0,92.0,41.0,4.0,1,167
2022-06-17,28.2,0.0,25.4,30.9,20.0,2.5,6.1,48.0,70.0,32.0,4.0,1,168
2022-06-18,25.2,0.0,22.5,27.8,6.0,4.2,8.1,88.0,93.0,47.0,5.0,1,169
2022-06-19,24.2,0.0,22.3,26.0,8.0,4.7,9.7,87.0,92.0,83.0,6.0,1,170
2022-06-20,24.8,0.0,22.5,27.2,99.0,1.7,6.7,86.0,93.0,78.0,5.0,1,171
2022-06-21,24.4,3.7,21.1,27.8,31.0,2.2,13.1,87.0,92.0,72.0,9.0,1,172
2022-06-22,24.0,0.5,21.1,26.8,23.0,3.6,9.2,87.0,91.0,84.0,9.0,1,173
2022-06-23,24.4,0.0,21.9,27.0,24.0,4.7,11.1,76.0,92.0,63.0,6.0,1,174
2022-06-24,25.4,0.0,21.0,29.7,9.0,6.4,12.2,76.0,91.0,39.0,4.0,1,175
2022-06-25,23.8,0.0,20.4,27.2,14.0,2.5,5.6,83.0,92.0,75.0,7.0,1,176
2022-06-26,24.2,0.0,21.9,26.4,12.0,4.4,10.0,88.0,92.0,85.0,12.0,1,177
2022-06-27,24.6,0.0,22.2,26.9,34.0,2.5,10.8,74.0,92.0,63.0,10.0,1,178
2022-06-28,24.3,0.0,21.4,27.2,24.0,4.4,13.3,68.0,90.0,57.0,7.0,1,179
2022-06-29,23.0,0.0,20.4,25.6,21.0,5.0,9.7,87.0,93.0,78.0,13.0,1,180
2022-06-30,23.8,0.0,22.2,25.5,10.0,4.7,11.9,85.0,93.0,78.0,3.0,1,181
2023-05-06,18.2,0.0,15.7,20.7,9.0,2.2,5.3,89.0,94.0,82.0,1.0,1,126
2023-05-07,19.2,1.4,16.8,21.6,8.0,2.5,7.8,87.0,92.0,67.0,2.0,1,127
2023-05-08,19.9,0.0,17.0,22.8,15.0,1.1,5.3,81.0,92.0,69.0,7.0,1,128
2023-05-09,19.2,0.7,16.3,22.1,24.0,3.6,13.3,87.0,94.0,69.0,95.0,1,129
2023-05-10,18.6,10.8,16.8,20.5,13.0,5.3,10.3,74.0,90.0,58.0,5.0,1,130
2023-05-11,16.6,0.0,13.9,19.2,8.0,3.9,10.3,77.0,92.0,65.0,25.0,1,131
2023-05-12,13.8,35.9,8.6,18.9,35.0,2.8,11.9,82.0,94.0,59.0,5.0,1,132
2023-05-13,15.0,2.8,11.2,18.7,24.0,2.2,8.6,79.0,91.0,60.0,1.0,1,133
2023-05-14,16.1,2.2,13.0,19.2,20.0,3.3,8.9,76.0,92.0,63.0,5.0,1,134
2023-05-15,17.9,0.0,14.8,21.0,99.0,2.8,6.4,71.0,92.0,48.0,84.0,1,135
2023-05-16,17.8,0.0,14.6,21.0,36.0,3.9,7.8,67.0,88.0,44.0,211.0,1,136
2023-05-17,16.8,0.0,13.3,20.2,21.0,4.2,8.9,60.0,87.0,37.0,2.0,1,137
2023-05-18,17.0,0.0,14.5,19.5,14.0,2.5,7.5,72.0,89.0,60.0,291.0,1,138
2023-05-19,17.1,2.2,14.7,19.5,10.0,1.4,7.8,80.0,90.0,61.0,27.0,1,139
2023-05-20,17.8,0.0,14.5,21.0,35.0,2.5,8.1,74.0,89.0,54.0,2.0,1,140
2023-05-21,17.2,0.0,14.4,20.0,8.0,2.2,5.8,84.0,91.0,69.0,4.0,1,141
2023-05-22,19.5,0.1,17.2,21.8,7.0,2.5,8.3,85.0,91.0,74.0,2.0,1,142
2023-05-23,18.8,1.1,15.6,22.0,10.0,3.1,8.6,86.0,92.0,79.0,2.0,1,143
2023-05-24,20.2,2.9,15.8,24.5,99.0,1.9,5.3,75.0,93.0,58.0,103.0,1,144
2023-05-25,17.4,6.0,15.2,19.6,2.0,2.8,7.2,93.0,94.0,66.0,10.0,1,145
2023-05-26,18.1,0.0,15.0,21.2,11.0,2.2,5.6,86.0,93.0,80.0,6.0,1,146
2023-05-27,19.6,0.0,16.7,22.5,21.0,3.1,7.8,82.0,93.0,71.0,7.0,1,147
2023-05-28,20.8,0.0,17.3,24.3,22.0,3.6,10.6,69.0,91.0,59.0,7.0,1,148
2023-05-29,19.4,0.0,17.4,21.5,10.0,2.5,6.1,83.0,93.0,70.0,5.0,1,149
2023-05-30,20.1,0.0,17.4,22.8,20.0,2.8,5.8,86.0,93.0,65.0,10.0,1,150
2023-05-31,22.0,2.3,18.6,25.4,13.0,1.7,7.2,80.0,92.0,53.0,9.0,1,151
2023-06-01,20.4,0.0,16.8,23.9,6.0,2.2,6.1,84.0,93.0,71.0,7.0,1,152
2023-06-02,20.0,0.0,17.2,22.7,20.0,3.1,5.8,84.0,92.0,73.0,9.0,1,153
2023-06-03,20.7,0.0,17.9,23.5,14.0,1.7,5.8,87.0,92.0,76.0,5.0,1,154
2023-06-04,21.0,0.0,18.2,23.8,10.0,2.2,5.3,85.0,92.0,79.0,5.0,1,155
2023-06-05,20.6,0.0,18.1,23.2,20.0,3.9,6.7,86.0,91.0,74.0,62.0,1,156
2023-06-06,21.2,0.0,19.2,23.1,21.0,4.4,10.8,87.0,93.0,80.0,48.0,1,157
2023-06-07,21.9,0.0,19.2,24.6,20.0,3.1,6.1,87.0,91.0,81.0,32.0,1,158
2023-06-08,22.4,0.0,20.1,24.7,18.0,2.5,6.1,85.0,93.0,73.0,41.0,1,159
2023-06-09,22.2,0.0,19.8,24.7,22.0,4.2,10.3,88.0,93.0,81.0,23.0,1,160
2023-06-10,22.8,0.0,20.8,24.8,9.0,1.7,5.6,86.0,93.0,79.0,25.0,1,161
2023-06-11,24.3,1.5,20.8,27.8,26.0,3.1,9.7,69.0,91.0,54.0,24.0,1,162
2023-06-12,24.0,0.1,21.1,26.9,21.0,2.8,6.9,61.0,92.0,51.0,36.0,1,163
2023-06-13,21.8,1.4,18.9,24.6,10.0,4.2,9.2,84.0,93.0,65.0,25.0,1,164
2023-06-14,22.6,0.0,18.8,26.5,20.0,4.2,8.6,75.0,89.0,53.0,19.0,1,165
2023-06-15,23.6,0.0,20.5,26.7,20.0,2.5,6.1,79.0,92.0,59.0,16.0,1,166
2023-06-16,23.6,0.0,20.9,26.3,21.0,4.4,7.5,86.0,93.0,63.0,11.0,1,167
2023-06-17,23.8,0.0,21.5,26.1,21.0,5.0,10.0,85.0,93.0,62.0,20.0,1,168
2023-06-18,25.0,0.0,22.8,27.2,31.0,2.5,8.3,72.0,88.0,48.0,26.0,1,169
2023-06-19,24.0,0.7,21.4,26.5,9.0,6.1,10.3,74.0,91.0,53.0,31.0,1,170
2023-06-20,24.6,0.0,21.1,28.2,7.0,2.8,6.4,80.0,93.0,61.0,28.0,1,171
2023-06-21,24.2,0.0,21.8,26.6,11.0,1.7,11.9,88.0,93.0,75.0,26.0,1,172
2023-06-22,25.3,0.0,21.9,28.7,10.0,4.4,11.1,71.0,93.0,56.0,24.0,1,173
2023-06-23,25.0,0.0,22.8,27.3,21.0,4.7,10.0,83.0,91.0,66.0,15.0,1,174
2023-06-24,24.8,0.0,22.9,26.6,20.0,3.3,6.7,88.0,93.0,86.0,16.0,1,175
2023-06-25,25.2,0.0,22.5,27.9,20.0,4.4,8.6,82.0,92.0,64.0,72.0,1,176
2023-06-26,25.7,0.0,22.8,28.6,20.0,3.9,7.5,86.0,93.0,71.0,52.0,1,177
2023-06-27,25.4,0.0,22.8,27.9,99.0,4.7,9.2,87.0,93.0,83.0,38.0,1,178
2023-06-28,25.1,0.0,23.1,27.1,21.0,3.3,8.9,90.0,93.0,76.0,47.0,1,179
2023-06-29,24.2,1.9,20.3,28.1,34.0,1.7,12.2,83.0,91.0,74.0,26.0,1,180
2023-06-30,22.9,0.3,19.5,26.3,36.0,2.8,11.7,75.0,93.0,65.0,28.0,1,181
2023-07-01,22.6,0.0,19.4,25.8,10.0,5.0,10.3,68.0,93.0,56.0,14.0,1,182
2023-07-02,24.6,0.0,21.6,27.6,13.0,4.4,8.3,82.0,92.0,73.0,14.0,1,183
2023-07-03,24.6,0.0,22.5,26.8,24.0,4.2,10.3,86.0,91.0,79.0,15.0,1,184
2023-07-04,25.1,0.0,22.6,27.6,99.0,3.9,6.7,84.0,93.0,67.0,22.0,1,185
2023-07-05,24.4,0.5,22.6,26.3,11.0,3.3,8.6,85.0,93.0,78.0,11.0,1,186
2023-07-06,25.2,0.0,21.9,28.6,14.0,2.8,5.8,74.0,90.0,58.0,24.0,1,187
2023-07-07,24.4,0.0,22.1,26.6,9.0,4.4,10.0,89.0,93.0,75.0,16.0,1,188
2023-07-08,25.8,0.0,22.2,29.4,9.0,3.3,11.1,79.0,92.0,54.0,15.0,1,189
2023-07-09,25.8,0.0,23.2,28.5,11.0,3.1,6.1,85.0,93.0,71.0,12.0,1,190
2023-07-10,26.1,0.0,23.3,28.9,14.0,2.2,5.3,84.0,93.0,79.0,18.0,1,191
2023-07-11,27.0,0.0,24.3,29.6,2.0,2.2,7.5,88.0,93.0,78.0,17.0,1,192
2023-07-12,26.6,0.0,24.5,28.7,10.0,3.3,9.7,86.0,93.0,77.0,21.0,1,193
2023-07-13,26.4,0.0,24.6,28.2,99.0,4.7,10.0,80.0,90.0,64.0,16.0,1,194
2023-07-14,26.9,0.0,24.4,29.4,21.0,4.7,13.3,81.0,91.0,63.0,12.0,1,195
2023-07-15,26.3,0.0,24.2,28.4,21.0,3.6,8.9,85.0,92.0,78.0,18.0,1,196
2023-07-16,26.2,0.0,24.3,28.2,12.0,4.2,11.4,74.0,92.0,65.0,16.0,1,197
2023-07-17,26.8,0.0,24.1,29.4,99.0,2.8,5.8,75.0,91.0,54.0,11.0,1,198
2023-07-18,27.5,0.0,24.0,31.0,24.0,3.3,9.2,83.0,93.0,57.0,17.0,1,199
2023-07-19,27.4,0.0,25.0,29.7,9.0,3.1,8.6,85.0,93.0,79.0,4.0,1,200
2023-07-20,26.9,0.0,24.9,28.9,20.0,4.4,8.9,84.0,91.0,61.0,11.0,1,201
2023-07-21,26.0,0.0,24.7,27.2,19.0,4.2,8.3,84.0,91.0,72.0,10.0,1,202
2023-07-22,26.6,0.0,24.7,28.4,14.0,3.3,7.2,72.0,89.0,65.0,4.0,1,203
2023-07-23,26.4,0.0,24.0,28.7,20.0,3.3,6.9,85.0,91.0,78.0,10.0,1,204
2023-07-24,27.4,0.0,25.2,29.7,13.0,4.7,8.9,87.0,91.0,69.0,13.0,1,205
2023-07-25,27.4,0.7,23.1,31.7,9.0,4.7,16.7,54.0,90.0,31.0,14.0,1,206
2023-07-26,24.0,0.0,22.5,25.6,12.0,3.3,9.2,71.0,89.0,55.0,9.0,1,207
2023-07-27,25.2,2.1,22.3,28.0,33.0,4.7,11.9,82.0,90.0,63.0,7.0,1,208
2023-07-28,24.9,0.0,21.9,27.9,21.0,4.2,8.3,80.0,90.0,70.0,3.0,1,209
2023-07-29,26.4,0.0,24.2,28.6,24.0,5.3,11.4,87.0,92.0,83.0,6.0,1,210
2023-07-30,27.0,0.0,24.2,29.9,19.0,3.6,6.1,80.0,93.0,73.0,4.0,1,211
2023-07-31,25.6,0.0,23.9,27.2,20.0,5.0,10.3,87.0,91.0,64.0,3.0,1,212
2023-08-01,27.2,0.0,24.8,29.6,9.0,4.2,11.4,83.0,93.0,62.0,7.0,1,213
2023-08-02,27.4,0.0,24.3,30.4,99.0,5.6,13.1,83.0,93.0,70.0,5.0,1,214
2023-08-03,24.6,1.5,22.9,26.3,11.0,4.7,11.4,80.0,93.0,70.0,3.0,1,215
2023-08-04,22.7,0.0,19.4,26.0,19.0,4.7,10.0,55.0,91.0,41.0,10.0,1,216
2023-08-05,24.2,1.6,21.3,27.1,20.0,5.8,10.0,56.0,73.0,41.0,12.0,1,217
2023-08-06,23.0,7.4,21.0,25.0,13.0,4.4,9.2,82.0,89.0,70.0,24.0,1,218
2023-08-07,23.5,0.0,22.2,24.8,21.0,5.3,11.9,71.0,85.0,65.0,16.0,1,219
2023-08-08,24.8,0.0,22.1,27.4,22.0,3.9,10.8,79.0,86.0,70.0,5.0,1,220
2023-08-09,25.8,0.0,23.6,27.9,22.0,4.7,9.7,84.0,90.0,76.0,4.0,1,221
2023-08-10,27.2,0.0,24.6,29.7,11.0,2.2,8.3,77.0,91.0,59.0,16.0,1,222
2023-08-11,26.7,0.0,23.8,29.6,21.0,3.6,9.7,76.0,90.0,58.0,19.0,1,223
2023-08-12,26.6,0.0,24.5,28.6,7.0,3.9,6.1,89.0,93.0,72.0,4.0,1,224
2023-08-13,26.2,0.0,23.7,28.8,19.0,2.2,5.3,86.0,92.0,79.0,15.0,1,225
2023-08-14,26.9,0.0,23.7,30.1,14.0,2.5,6.1,82.0,91.0,71.0,6.0,1,226
2023-08-15,27.2,0.0,24.3,30.0,10.0,3.1,6.1,85.0,92.0,71.0,6.0,1,227
2023-08-16,26.0,0.0,23.8,28.1,8.0,3.9,8.3,89.0,92.0,76.0,8.0,1,228
2023-08-17,26.2,0.0,24.1,28.2,10.0,8.3,11.4,88.0,92.0,83.0,7.0,1,229
2023-08-18,26.6,0.0,23.8,29.5,99.0,2.5,5.3,84.0,92.0,71.0,3.0,1,230
2023-08-19,27.6,0.0,25.0,30.1,13.0,2.5,5.8,85.0,92.0,78.0,2.0,1,231
2023-08-20,28.6,0.0,25.2,32.1,99.0,1.9,5.8,72.0,91.0,52.0,5.0,1,232
2023-08-21,29.7,0.0,26.6,32.8,16.0,1.7,4.7,72.0,92.0,58.0,6.0,1,233
2023-08-22,29.0,0.0,26.0,32.0,26.0,2.2,5.0,85.0,92.0,45.0,4.0,1,234
2023-08-23,30.4,0.0,27.2,33.7,15.0,2.2,5.0,72.0,89.0,53.0,12.0,1,235
2023-08-24,29.4,0.0,27.0,31.7,20.0,5.0,8.9,84.0,92.0,68.0,3.0,1,236
2023-08-25,28.4,0.0,26.9,29.9,21.0,4.4,8.1,86.0,91.0,83.0,6.0,1,237
2023-08-26,25.7,18.4,22.1,29.3,18.0,2.8,10.6,86.0,94.0,66.0,4.0,1,238
2023-08-27,21.8,16.9,17.4,26.1,8.0,1.9,22.2,84.0,94.0,56.0,3.0,1,239
2023-08-28,24.0,0.0,18.3,29.7,8.0,5.3,14.2,61.0,81.0,34.0,7.0,1,240
2023-08-29,21.6,40.2,17.2,26.1,17.0,5.0,23.3,70.0,93.0,43.0,1.0,1,241
2023-08-30,21.6,1.8,18.8,24.4,9.0,3.9,15.8,85.0,93.0,75.0,1.0,1,242
2023-08-31,23.5,0.0,20.5,26.5,22.0,3.6,8.6,67.0,92.0,49.0,4.0,1,243
2023-09-01,24.0,0.0,20.9,27.2,21.0,4.4,10.0,84.0,90.0,73.0,1.0,1,244
2023-09-02,24.2,0.0,22.8,25.7,8.0,8.3,14.7,84.0,90.0,79.0,5.0,1,245
2023-09-03,25.0,0.0,22.6,27.3,9.0,11.4,16.7,70.0,86.0,52.0,11.0,1,246
2023-09-04,26.0,0.0,23.7,28.3,8.0,8.3,13.3,70.0,92.0,38.0,5.0,1,247
2023-09-05,25.2,0.0,23.4,27.1,9.0,5.6,10.0,81.0,93.0,57.0,16.0,1,248
2023-09-06,25.4,0.0,22.5,28.2,12.0,3.1,7.2,75.0,89.0,54.0,12.0,1,249
2023-09-07,23.7,0.0,20.3,27.1,10.0,2.5,5.3,74.0,88.0,66.0,18.0,1,250
2023-09-08,23.6,0.0,19.8,27.3,14.0,2.2,4.7,76.0,89.0,57.0,16.0,1,251
2023-09-09,23.2,0.0,19.7,26.6,13.0,2.2,4.7,80.0,90.0,72.0,7.0,1,252
2023-09-10,23.8,0.9,20.7,26.9,14.0,2.8,5.3,84.0,90.0,79.0,10.0,1,253
2023-09-11,24.1,0.0,20.7,27.5,14.0,2.2,5.0,89.0,92.0,81.0,15.0,1,254
2023-09-12,24.4,0.2,21.6,27.2,10.0,2.8,6.7,89.0,92.0,78.0,11.0,1,255
2023-09-13,24.2,0.0,20.7,27.7,13.0,2.2,19.2,79.0,93.0,63.0,11.0,1,256
2023-09-14,24.4,0.0,21.5,27.4,21.0,3.3,7.8,80.0,88.0,66.0,7.0,1,257
2023-09-15,22.4,23.7,19.3,25.4,11.0,3.9,11.7,88.0,94.0,73.0,6.0,1,258
2023-09-16,23.2,0.0,19.7,26.7,20.0,3.1,6.4,89.0,93.0,79.0,19.0,1,259
2023-09-17,25.0,0.0,21.6,28.3,24.0,1.9,8.9,88.0,93.0,81.0,15.0,1,260
2023-09-18,27.0,0.0,23.9,30.0,25.0,3.9,9.7,67.0,92.0,39.0,9.0,1,261
2023-09-19,24.1,17.9,21.8,26.4,14.0,3.1,7.2,76.0,91.0,56.0,10.0,1,262
2023-09-20,21.2,0.0,18.0,24.5,26.0,3.1,9.7,82.0,93.0,70.0,11.0,1,263
2023-09-21,23.8,0.0,20.2,27.5,24.0,4.2,11.4,73.0,91.0,39.0,7.0,1,264
2023-09-22,22.7,0.0,19.5,25.9,16.0,4.2,10.3,57.0,85.0,37.0,8.0,1,265
2023-09-23,20.5,0.0,17.1,23.9,11.0,2.2,5.3,60.0,78.0,50.0,6.0,1,266
2023-09-24,21.6,0.0,17.8,25.3,25.0,3.1,9.2,78.0,89.0,62.0,11.0,1,267
2023-09-25,21.8,0.0,18.3,25.3,8.0,2.2,5.3,73.0,90.0,55.0,4.0,1,268
2023-09-26,21.4,0.0,17.8,25.1,22.0,2.5,6.7,78.0,90.0,72.0,10.0,1,269
2023-09-27,22.6,0.0,19.0,26.3,22.0,3.9,9.7,83.0,90.0,59.0,12.0,1,270
2023-09-28,22.8,0.0,19.6,26.1,24.0,3.6,11.7,84.0,92.0,74.0,14.0,1,271
2023-09-29,23.7,0.0,20.4,27.0,20.0,2.2,5.6,79.0,92.0,60.0,24.0,1,272
2023-09-30,25.2,0.0,21.0,29.3,21.0,3.9,7.2,71.0,92.0,52.0,16.0,1,273
2023-10-01,23.9,0.0,21.3,26.5,8.0,3.6,6.1,83.0,92.0,73.0,10.0,1,274
2023-10-02,23.0,0.0,20.0,25.9,99.0,2.8,5.0,86.0,92.0,79.0,12.0,1,275
2023-10-03,23.6,0.0,20.2,26.9,99.0,2.8,5.8,87.0,92.0,76.0,15.0,1,276
2023-10-04,25.0,0.0,22.3,27.8,24.0,4.7,12.5,76.0,89.0,58.0,15.0,1,277
2023-10-05,22.9,0.0,20.8,25.0,21.0,2.2,7.2,88.0,91.0,83.0,11.0,1,278
2023-10-06,24.0,0.0,21.4,26.5,8.0,1.7,5.3,87.0,91.0,81.0,17.0,1,279
2023-10-07,23.3,0.0,20.6,26.0,99.0,2.5,5.0,90.0,92.0,86.0,18.0,1,280
2023-10-08,22.2,0.0,19.0,25.5,20.0,2.5,5.3,88.0,93.0,81.0,13.0,1,281
2023-10-09,22.4,0.0,19.3,25.4,21.0,3.6,8.9,88.0,92.0,75.0,11.0,1,282
2023-10-10,22.5,0.0,19.3,25.7,24.0,3.3,9.2,87.0,91.0,70.0,13.0,1,283
2023-10-11,21.2,0.0,18.3,24.2,21.0,3.6,8.6,87.0,92.0,79.0,12.0,1,284
2023-10-12,21.4,0.0,18.5,24.2,21.0,3.6,8.9,89.0,91.0,78.0,11.0,1,285
2023-10-13,21.8,0.0,18.4,25.2,24.0,3.9,10.3,88.0,93.0,75.0,7.0,1,286
2023-10-14,23.0,0.0,19.8,26.2,8.0,2.8,6.4,86.0,92.0,65.0,23.0,1,287
2023-10-15,20.4,10.9,19.4,21.4,13.0,3.1,8.3,86.0,94.0,83.0,5.0,1,288
2023-10-16,19.2,0.5,17.4,20.9,8.0,4.2,8.9,89.0,94.0,83.0,6.0,1,289
2023-10-17,20.6,0.0,17.3,24.0,21.0,1.9,7.5,90.0,92.0,83.0,3.0,1,290
2023-10-18,23.2,0.0,20.3,26.1,24.0,3.3,10.3,80.0,93.0,61.0,10.0,1,291
2023-10-19,21.0,4.7,17.0,25.0,24.0,5.3,14.2,72.0,93.0,54.0,6.0,1,292
2023-10-20,19.7,0.0,16.5,22.9,28.0,4.7,13.6,53.0,93.0,45.0,5.0,1,293
2023-10-21,18.4,0.0,15.5,21.2,29.0,3.1,9.2,46.0,63.0,40.0,3.0,1,294
2023-10-22,17.0,0.0,13.2,20.8,10.0,3.9,10.6,62.0,90.0,51.0,9.0,1,295
2023-10-23,22.1,11.2,18.6,25.6,8.0,2.5,11.4,77.0,93.0,46.0,6.0,1,296
2023-10-24,19.0,0.0,16.2,21.8,29.0,4.7,11.9,54.0,93.0,38.0,7.0,1,297
2023-10-25,20.0,0.0,16.5,23.6,29.0,4.2,11.7,57.0,66.0,48.0,7.0,1,298
2023-10-26,22.6,0.0,19.9,25.4,28.0,5.3,14.7,73.0,81.0,57.0,3.0,1,299
2023-10-27,20.0,0.0,17.2,22.7,28.0,4.2,14.7,54.0,70.0,41.0,7.0,1,300
2023-10-28,20.4,0.0,16.4,24.3,24.0,4.4,10.8,67.0,87.0,46.0,1.0,1,301
2023-10-29,19.0,0.0,16.4,21.7,22.0,3.6,10.6,83.0,90.0,70.0,3.0,1,302
2023-10-30,18.6,0.9,15.6,21.7,27.0,3.9,14.4,85.0,90.0,68.0,7.0,1,303
2023-10-31,17.2,0.0,14.2,20.2,32.0,3.3,10.3,54.0,69.0,46.0,4.0,1,304
2023-11-01,18.4,0.0,15.2,21.7,99.0,3.3,8.6,57.0,86.0,44.0,1.0,1,305
2023-11-02,17.3,0.4,13.8,20.8,28.0,5.8,19.7,68.0,87.0,46.0,1.0,1,306
2023-11-03,15.3,0.0,12.0,18.6,27.0,5.0,17.5,49.0,55.0,42.0,1.0,1,307
2023-11-04,16.8,0.0,13.1,20.4,26.0,5.0,13.1,71.0,85.0,44.0,1.0,1,308
2023-11-05,18.1,0.0,15.7,20.5,30.0,6.1,16.1,44.0,51.0,40.0,3.0,1,309
2023-11-06,16.6,0.0,13.0,20.2,28.0,3.3,9.4,65.0,93.0,40.0,5.0,1,310
2023-11-07,14.2,0.0,11.1,17.4,29.0,4.2,10.0,57.0,90.0,44.0,1.0,1,311
2023-11-08,13.8,0.5,10.5,17.0,25.0,4.4,10.6,67.0,80.0,52.0,4.0,1,312
2023-11-09,14.7,0.1,12.3,17.1,29.0,2.5,8.1,74.0,89.0,66.0,0.0,0,313
2023-11-10,16.8,0.0,13.7,19.8,30.0,3.9,12.2,55.0,88.0,47.0,0.0,0,314
2023-11-11,15.4,0.0,13.1,17.6,11.0,2.5,6.9,88.0,93.0,70.0,2.0,1,315
2023-11-12,18.4,0.0,15.4,21.5,31.0,2.8,11.4,87.0,93.0,64.0,6.0,1,316
2023-11-13,20.0,0.0,15.2,24.7,30.0,3.9,8.3,66.0,90.0,55.0,0.0,0,317
2023-11-14,22.5,0.0,19.1,25.9,28.0,3.1,11.7,60.0,76.0,52.0,8.0,1,318
2023-11-15,17.6,0.5,15.3,19.9,28.0,1.4,10.0,89.0,94.0,64.0,9.0,1,319
2023-11-16,18.5,0.0,14.8,22.2,31.0,2.5,8.6,83.0,95.0,61.0,2.0,1,320
2023-11-17,16.8,0.0,14.6,19.1,7.0,2.5,6.7,88.0,92.0,66.0,3.0,1,321
2023-11-18,16.6,0.0,13.8,19.4,27.0,3.6,9.2,84.0,90.0,64.0,1.0,1,322
2023-11-19,15.2,0.0,12.1,18.3,99.0,2.5,4.7,89.0,94.0,65.0,3.0,1,323
2023-11-20,14.4,0.5,10.8,18.1,20.0,2.8,5.0,87.0,93.0,79.0,2.0,1,324
2023-11-21,15.1,0.1,12.4,17.8,11.0,2.8,10.8,77.0,93.0,52.0,0.0,0,325
2023-11-22,15.1,0.0,10.5,19.7,4.0,4.4,16.1,37.0,67.0,25.0,2.0,1,326
2023-11-23,13.4,0.0,9.7,17.2,35.0,2.5,6.7,47.0,59.0,40.0,1.0,1,327
2023-11-24,16.6,0.0,11.4,21.8,8.0,1.9,8.9,49.0,85.0,38.0,0.0,0,328
2023-11-25,13.2,0.0,10.5,15.8,11.0,3.3,7.8,77.0,85.0,62.0,0.0,0,329
2023-11-26,13.4,0.0,11.3,15.4,12.0,1.4,6.1,81.0,90.0,71.0,2.0,1,330
2023-11-27,12.4,0.0,9.4,15.4,31.0,1.7,9.4,65.0,90.0,56.0,0.0,0,331
2023-11-28,14.6,0.1,12.1,17.2,1.0,2.8,11.1,76.0,91.0,55.0,0.0,0,332
2023-11-29,13.4,0.2,12.3,14.6,12.0,2.8,6.1,93.0,93.0,89.0,1.0,1,333
2023-11-30,17.4,0.0,12.2,22.6,26.0,3.9,13.9,79.0,92.0,52.0,1.0,1,334
2023-12-01,15.0,0.0,10.6,19.5,30.0,1.9,14.7,80.0,93.0,56.0,2.0,1,335
2023-12-02,12.5,0.2,9.2,15.8,31.0,3.1,13.9,70.0,83.0,52.0,3.0,1,336
2023-12-03,10.5,0.0,7.2,13.8,34.0,3.1,7.2,71.0,85.0,56.0,1.0,1,337
2023-12-04,12.7,0.2,9.6,15.8,27.0,3.3,9.7,64.0,81.0,52.0,0.0,0,338
2023-12-05,11.6,0.0,9.1,14.0,36.0,2.5,8.1,73.0,80.0,65.0,1.0,1,339
2023-12-06,11.4,0.0,8.3,14.6,35.0,3.1,6.1,72.0,85.0,62.0,1.0,1,340
2023-12-07,12.0,1.1,8.1,15.8,26.0,2.8,9.4,77.0,90.0,59.0,0.0,0,341
2023-12-08,13.2,0.0,10.8,15.6,28.0,1.9,6.4,81.0,92.0,65.0,1.0,1,342
2023-12-09,13.8,0.0,9.7,17.8,30.0,1.9,10.0,65.0,81.0,54.0,0.0,0,343
2023-12-10,14.4,0.0,10.9,17.8,3.0,2.2,7.8,83.0,89.0,65.0,5.0,1,344
2023-12-11,17.2,0.0,14.1,20.3,99.0,1.9,9.2,72.0,88.0,59.0,3.0,1,345
2023-12-12,17.0,0.0,14.0,19.9,25.0,1.7,10.6,62.0,80.0,56.0,1.0,1,346
2023-12-13,14.4,0.0,11.4,17.3,32.0,4.7,14.7,55.0,85.0,47.0,1.0,1,347
2023-12-14,14.1,0.0,10.0,18.2,32.0,3.6,12.5,48.0,81.0,30.0,1.0,1,348
2023-12-15,13.2,0.0,8.5,17.9,34.0,1.7,7.2,59.0,73.0,43.0,1.0,1,349
2023-12-16,11.6,0.0,8.0,15.1,2.0,1.9,6.1,75.0,89.0,61.0,4.0,1,350
2023-12-17,9.5,0.0,4.4,14.6,35.0,2.2,5.0,82.0,91.0,66.0,2.0,1,351
2023-12-18,9.8,0.0,4.9,14.6,35.0,2.5,5.6,67.0,88.0,56.0,1.0,1,352
2023-12-19,11.5,0.0,6.3,16.7,35.0,1.7,5.6,69.0,88.0,46.0,1.0,1,353
2023-12-20,11.7,0.0,7.7,15.7,36.0,1.4,6.1,65.0,79.0,52.0,1.0,1,354
2023-12-21,11.8,0.0,6.3,17.4,3.0,1.7,8.3,63.0,82.0,52.0,0.0,0,355
2023-12-22,16.7,0.0,11.8,21.6,34.0,1.1,11.7,68.0,92.0,45.0,0.0,0,356
2023-12-23,13.4,0.0,10.3,16.6,2.0,3.1,8.3,66.0,87.0,53.0,1.0,1,357
2023-12-24,12.0,0.0,7.8,16.1,24.0,2.5,7.2,70.0,89.0,55.0,0.0,0,358
2023-12-25,10.6,0.0,5.0,16.2,21.0,3.6,5.6,83.0,92.0,47.0,0.0,0,359
2023-12-26,10.9,0.0,4.9,16.9,22.0,1.1,5.3,74.0,93.0,43.0,0.0,0,360
2023-12-27,10.4,0.0,4.8,15.9,26.0,3.1,7.2,66.0,92.0,45.0,0.0,0,361
2023-12-28,10.2,0.0,5.5,15.0,26.0,1.9,6.4,83.0,91.0,60.0,0.0,0,362
2023-12-29,10.0,0.0,6.3,13.6,99.0,2.2,5.6,73.0,91.0,56.0,2.0,1,363
2023-12-30,11.0,0.0,6.7,15.3,22.0,2.5,5.6,82.0,92.0,65.0,1.0,1,364
2023-12-31,13.2,0.0,8.9,17.4,32.0,2.2,10.0,67.0,89.0,51.0,0.0,0,365
2024-01-01,11.6,0.0,8.6,14.6,36.0,1.9,4.2,82.0,90.0,69.0,1.0,1,1
2024-01-02,11.8,0.0,8.1,15.4,26.0,2.8,7.5,53.0,81.0,39.0,0.0,0,2
2024-01-03,16.0,0.0,13.6,18.4,27.0,1.4,9.7,74.0,86.0,62.0,0.0,0,3
2024-01-04,14.2,0.3,11.0,17.4,26.0,1.4,4.7,89.0,94.0,79.0,1.0,1,4
2024-01-05,11.2,8.4,8.9,13.5,30.0,2.2,6.9,89.0,94.0,78.0,2.0,1,5
2024-01-06,11.2,0.0,7.3,15.2,34.0,2.5,11.1,49.0,88.0,33.0,0.0,0,6
2024-01-07,10.9,0.0,7.3,14.5,33.0,4.7,12.5,37.0,55.0,24.0,0.0,0,7
2024-01-08,8.8,0.0,4.7,12.8,36.0,2.2,10.8,42.0,64.0,30.0,1.0,1,8
2024-01-09,7.5,0.0,3.9,11.1,8.0,4.2,6.4,79.0,89.0,59.0,0.0,0,9
2024-01-10,8.5,4.6,6.9,10.1,1.0,2.2,5.3,87.0,95.0,78.0,0.0,0,10
2024-01-11,9.8,0.2,6.3,13.3,99.0,1.7,6.7,76.0,95.0,59.0,1.0,1,11
2024-01-12,9.8,0.0,6.2,13.5,99.0,1.9,6.9,66.0,83.0,51.0,2.0,1,12
2024-01-13,8.6,0.0,4.2,12.9,28.0,2.2,6.4,70.0,86.0,56.0,0.0,0,13
2024-01-14,13.7,0.0,10.1,17.3,28.0,3.9,9.4,55.0,74.0,47.0,4.0,1,14
2024-01-15,13.6,0.0,9.9,17.3,30.0,2.2,10.3,76.0,93.0,69.0,2.0,1,15
2024-01-16,14.6,0.0,12.0,17.3,21.0,1.9,6.1,91.0,94.0,77.0,2.0,1,16
2024-01-17,15.4,0.0,12.5,18.4,26.0,3.1,15.0,76.0,94.0,53.0,1.0,1,17
2024-01-18,17.5,0.2,14.1,20.9,26.0,3.6,16.7,60.0,91.0,43.0,2.0,1,18
2024-01-19,11.8,6.5,6.8,16.7,9.0,5.8,14.7,90.0,94.0,43.0,1.0,1,19
2024-01-20,9.4,0.1,5.7,13.0,9.0,3.3,11.4,72.0,92.0,41.0,0.0,0,20
2024-01-21,10.5,0.0,6.3,14.7,99.0,2.5,6.1,81.0,88.0,59.0,1.0,1,21
2024-01-22,11.8,0.0,7.9,15.7,29.0,2.5,7.8,66.0,86.0,54.0,2.0,1,22
2024-01-23,12.3,0.0,8.5,16.1,33.0,1.7,5.8,86.0,93.0,73.0,1.0,1,23
2024-01-24,13.2,0.0,9.4,17.0,2.0,0.8,5.0,88.0,94.0,72.0,2.0,1,24
2024-01-25,12.9,0.0,8.6,17.2,22.0,2.8,5.8,85.0,93.0,70.0,4.0,1,25
2024-01-26,15.3,0.0,11.1,19.5,99.0,2.2,5.6,76.0,93.0,56.0,3.0,1,26
2024-01-27,13.2,0.0,9.7,16.8,35.0,1.9,4.2,86.0,93.0,65.0,0.0,0,27
2024-01-28,12.2,0.0,9.4,15.1,8.0,2.5,4.4,91.0,93.0,86.0,1.0,1,28
2024-01-29,13.4,0.0,11.9,14.9,10.0,2.2,5.0,87.0,94.0,77.0,0.0,0,29
2024-01-30,13.6,0.0,11.0,16.3,35.0,2.5,3.6,83.0,92.0,76.0,1.0,1,30
2024-01-31,12.4,0.0,9.5,15.3,21.0,3.6,7.8,85.0,89.0,70.0,2.0,1,31
2024-02-01,12.8,0.0,8.5,17.0,21.0,3.1,7.2,85.0,88.0,64.0,0.0,0,32
2024-02-02,13.8,0.0,10.1,17.6,21.0,2.5,6.4,77.0,93.0,55.0,1.0,1,33
2024-02-03,13.4,0.0,8.5,18.2,23.0,3.3,7.2,82.0,88.0,59.0,2.0,1,34
2024-02-04,13.6,0.0,9.2,17.9,26.0,2.8,6.1,76.0,87.0,61.0,0.0,0,35
2024-02-05,13.6,0.0,9.2,17.9,21.0,2.5,6.9,75.0,92.0,56.0,2.0,1,36
2024-02-06,12.7,0.0,9.7,15.7,1.0,2.5,5.0,88.0,93.0,75.0,4.0,1,37
2024-02-07,13.2,0.0,8.6,17.8,27.0,3.9,11.7,73.0,93.0,46.0,3.0,1,38
2024-02-08,15.2,0.4,11.4,19.1,24.0,3.9,12.8,70.0,93.0,49.0,0.0,0,39
2024-02-09,14.2,6.0,11.9,16.6,26.0,3.6,13.9,89.0,95.0,49.0,1.0,1,40
2024-02-10,12.8,0.1,9.9,15.8,34.0,4.4,11.4,79.0,95.0,47.0,4.0,1,41
2024-02-11,12.6,0.0,9.3,16.0,32.0,5.8,17.2,48.0,56.0,41.0,1.0,1,42
2024-02-12,15.0,0.0,10.1,20.0,31.0,4.4,14.2,64.0,92.0,41.0,0.0,0,43
2024-02-13,13.2,0.0,10.7,15.8,27.0,2.8,6.4,80.0,91.0,68.0,1.0,1,44
2024-02-14,13.7,0.0,9.8,17.6,21.0,3.1,6.4,86.0,94.0,64.0,0.0,0,45
2024-02-15,14.7,0.0,11.6,17.8,26.0,1.7,5.8,91.0,95.0,77.0,1.0,1,46
2024-02-16,14.0,2.0,12.3,15.7,8.0,1.7,7.8,90.0,93.0,74.0,0.0,0,47
2024-02-17,15.5,0.0,12.7,18.3,35.0,2.2,6.9,80.0,92.0,55.0,0.0,0,48
2024-02-18,13.8,0.0,10.2,17.3,21.0,3.1,7.8,81.0,89.0,52.0,5.0,1,49
2024-02-19,14.3,0.0,12.1,16.5,21.0,1.7,5.8,80.0,92.0,62.0,4.0,1,50
2024-02-20,13.8,0.0,10.7,16.9,22.0,3.6,8.6,82.0,91.0,70.0,2.0,1,51
2024-02-21,13.2,0.0,10.1,16.2,23.0,2.8,11.1,83.0,91.0,64.0,1.0,1,52
2024-02-22,14.6,12.6,12.2,17.0,21.0,4.4,10.8,90.0,94.0,79.0,1.0,1,53
2024-02-23,12.0,0.1,8.7,15.4,28.0,5.8,14.7,55.0,95.0,32.0,0.0,0,54
2024-02-24,11.4,0.2,7.8,14.9,11.0,3.9,16.9,66.0,88.0,43.0,0.0,0,55
2024-02-25,11.0,0.0,7.5,14.6,26.0,3.6,12.5,70.0,91.0,53.0,1.0,1,56
2024-02-26,14.0,0.0,10.2,17.7,10.0,3.1,8.1,87.0,92.0,48.0,0.0,0,57
2024-02-27,12.4,0.0,8.6,16.3,8.0,3.3,10.3,75.0,91.0,53.0,3.0,1,58
2024-02-28,14.1,0.0,11.0,17.2,99.0,2.8,7.5,48.0,88.0,39.0,3.0,1,59
2024-02-29,12.6,0.9,9.6,15.5,23.0,3.9,8.1,68.0,93.0,47.0,0.0,0,60
2024-03-01,13.9,0.0,9.4,18.4,29.0,1.7,9.2,48.0,93.0,31.0,4.0,1,61
2024-03-02,13.4,3.2,10.7,16.2,24.0,4.7,14.2,73.0,91.0,53.0,1.0,1,62
2024-03-03,10.1,7.4,5.2,15.0,30.0,6.7,16.7,65.0,95.0,36.0,1.0,1,63
2024-03-04,12.0,0.0,7.8,16.1,36.0,3.3,12.5,56.0,81.0,32.0,3.0,1,64
2024-03-05,13.2,0.0,9.4,17.1,9.0,3.9,8.9,78.0,89.0,47.0,3.0,1,65
2024-03-06,12.2,0.0,8.6,15.7,35.0,2.8,6.4,81.0,91.0,62.0,10.0,1,66
2024-03-07,12.1,1.3,8.5,15.7,11.0,3.3,6.7,88.0,92.0,78.0,87.0,1,67
2024-03-08,13.4,4.0,11.4,15.5,24.0,6.9,13.1,80.0,95.0,50.0,1.0,1,68
2024-03-09,11.8,18.9,10.2,13.5,22.0,6.4,16.4,88.0,94.0,72.0,1.0,1,69
2024-03-10,12.1,0.3,8.1,16.1,27.0,4.2,10.6,67.0,90.0,50.0,1.0,1,70
2024-03-11,14.0,0.0,9.5,18.5,8.0,1.9,15.0,73.0,89.0,43.0,9.0,1,71
2024-03-12,12.4,0.0,8.5,16.3,33.0,3.3,10.6,76.0,88.0,64.0,132.0,1,72
2024-03-13,12.4,0.0,8.5,16.4,23.0,3.6,10.6,80.0,90.0,62.0,1.0,1,73
2024-03-14,12.9,0.0,9.4,16.4,22.0,3.6,12.5,84.0,92.0,75.0,1.0,1,74
2024-03-15,15.0,0.0,12.4,17.6,9.0,2.2,5.6,91.0,94.0,85.0,38.0,1,75
2024-03-16,15.2,0.0,12.5,17.9,24.0,2.5,6.7,84.0,93.0,79.0,3.0,1,76
2024-03-17,15.0,0.0,12.7,17.3,21.0,3.3,8.6,92.0,94.0,86.0,5.0,1,77
2024-03-18,14.7,0.0,11.4,18.0,8.0,1.9,5.6,82.0,95.0,66.0,2.0,1,78
2024-03-19,15.8,0.0,13.4,18.2,21.0,2.5,6.1,82.0,92.0,70.0,0.0,0,79
2024-03-20,14.6,0.0,12.8,16.3,8.0,3.9,8.3,90.0,93.0,81.0,1.0,1,80
2024-03-21,15.2,0.0,12.8,17.6,7.0,1.9,6.9,88.0,93.0,82.0,0.0,0,81
2024-03-22,17.5,0.0,13.6,21.4,8.0,2.2,5.3,76.0,91.0,58.0,2.0,1,82
2024-03-23,16.6,0.0,13.7,19.5,21.0,3.3,8.6,85.0,92.0,67.0,0.0,0,83
2024-03-24,14.1,0.1,13.1,15.1,12.0,3.6,9.2,88.0,93.0,80.0,2.0,1,84
2024-03-25,12.6,19.8,11.3,14.0,22.0,1.4,7.8,89.0,95.0,77.0,0.0,0,85
2024-03-26,13.4,0.2,9.9,16.9,29.0,3.6,10.8,80.0,95.0,50.0,1.0,1,86
2024-03-27,12.5,0.0,9.0,16.0,27.0,4.4,13.3,64.0,89.0,42.0,0.0,0,87
2024-03-28,17.6,0.0,14.5,20.6,24.0,5.8,13.6,63.0,93.0,44.0,0.0,0,88
2024-03-29,15.8,0.0,14.0,17.6,23.0,4.2,10.3,90.0,93.0,84.0,0.0,0,89
2024-03-30,14.4,2.8,12.5,16.3,24.0,4.4,15.0,77.0,93.0,54.0,1.0,1,90
2024-03-31,13.8,19.1,10.9,16.6,23.0,1.9,16.4,86.0,94.0,56.0,1.0,1,91
2024-04-01,14.6,0.0,10.1,19.1,26.0,3.9,15.0,53.0,77.0,35.0,0.0,0,92
2024-04-02,14.6,0.0,12.2,17.1,32.0,2.5,11.7,63.0,82.0,50.0,2.0,1,93
2024-04-03,16.7,0.0,12.7,20.7,30.0,2.2,8.9,69.0,93.0,43.0,1.0,1,94
2024-04-04,14.8,0.0,11.7,17.9,99.0,3.3,8.1,88.0,93.0,71.0,0.0,0,95
2024-04-05,16.0,0.0,14.0,18.0,21.0,2.2,6.4,86.0,93.0,65.0,4.0,1,96
2024-04-06,14.8,0.0,12.5,17.0,8.0,3.6,8.1,92.0,95.0,70.0,1.0,1,97
2024-04-07,16.2,0.0,14.8,17.7,9.0,5.3,11.1,89.0,94.0,85.0,0.0,0,98
2024-04-08,16.7,0.0,13.5,19.9,26.0,2.8,10.0,91.0,94.0,44.0,1.0,1,99
2024-04-09,15.8,0.0,12.1,19.5,32.0,4.2,11.7,69.0,88.0,44.0,2.0,1,100
2024-04-10,13.0,0.0,9.6,16.5,11.0,3.1,7.2,61.0,88.0,43.0,1.0,1,101
2024-04-11,14.2,0.0,10.4,18.1,21.0,3.3,7.5,69.0,88.0,53.0,3.0,1,102
2024-04-12,16.8,0.0,13.2,20.4,99.0,2.8,5.6,78.0,92.0,56.0,2.0,1,103
2024-04-13,19.8,0.0,14.4,25.3,4.0,1.7,4.7,62.0,88.0,37.0,3.0,1,104
2024-04-14,20.6,0.0,14.6,26.7,22.0,3.1,10.8,52.0,85.0,35.0,4.0,1,105
2024-04-15,18.2,0.0,14.8,21.7,20.0,2.2,5.8,78.0,93.0,51.0,2.0,1,106
2024-04-16,16.3,0.8,14.2,18.4,12.0,5.0,9.4,68.0,93.0,50.0,0.0,0,107
2024-04-17,13.8,0.3,12.1,15.6,21.0,5.0,9.7,78.0,92.0,52.0,2.0,1,108
2024-04-18,13.9,0.0,11.6,16.2,13.0,4.7,12.2,77.0,94.0,64.0,54.0,1,109
2024-04-19,13.6,0.0,9.7,17.6,24.0,5.3,14.7,61.0,89.0,43.0,4.0,1,110
2024-04-20,14.7,0.0,11.2,18.2,8.0,2.8,5.6,79.0,92.0,62.0,4.0,1,111
2024-04-21,14.0,3.3,12.2,15.9,20.0,3.3,8.3,72.0,92.0,61.0,1.0,1,112
2024-04-22,11.6,21.4,7.9,15.4,10.0,2.2,12.8,83.0,93.0,64.0,61.0,1,113
2024-04-23,11.1,0.0,8.4,13.8,11.0,3.1,11.1,70.0,92.0,51.0,3.0,1,114
2024-04-24,11.3,0.0,7.2,15.4,20.0,4.4,11.7,52.0,85.0,39.0,5.0,1,115
2024-04-25,13.5,0.8,11.9,15.1,8.0,5.3,10.6,85.0,92.0,76.0,201.0,1,116
2024-04-26,14.1,0.0,11.1,17.1,20.0,2.5,6.7,84.0,93.0,72.0,2.0,1,117
2024-04-27,16.3,1.7,14.8,17.8,11.0,3.9,8.9,93.0,94.0,89.0,0.0,0,118
2024-04-28,15.2,13.4,13.7,16.6,22.0,4.4,8.6,91.0,94.0,86.0,1.0,1,119
2024-04-29,13.8,38.8,12.7,15.0,10.0,8.3,19.2,92.0,94.0,89.0,0.0,0,120
2024-04-30,15.0,0.0,13.5,16.4,8.0,2.2,11.7,92.0,93.0,91.0,0.0,0,121
2024-05-01,17.2,0.0,13.1,21.4,28.0,3.1,10.3,59.0,93.0,36.0,7.0,1,122
2024-11-02,18.6,0.1,16.7,20.4,8.0,7.8,16.4,86.0,91.0,79.0,1.0,1,307
2024-11-03,18.2,3.2,16.2,20.2,99.0,6.7,11.1,91.0,94.0,88.0,3.0,1,308
2024-11-04,18.0,30.4,15.9,20.0,34.0,4.4,11.1,91.0,95.0,89.0,2.0,1,309
2024-11-05,20.5,0.0,17.7,23.3,9.0,2.5,5.0,91.0,93.0,85.0,0.0,0,310
2024-11-06,18.9,0.0,16.7,21.1,9.0,3.9,7.2,89.0,92.0,86.0,2.0,1,311
2024-11-07,18.0,0.0,15.9,20.0,8.0,3.6,10.6,86.0,91.0,80.0,5.0,1,312
2024-11-08,18.8,0.0,15.5,22.1,36.0,2.2,6.1,84.0,92.0,72.0,0.0,0,313
2024-11-09,17.6,0.0,14.2,20.9,2.0,1.9,5.0,86.0,93.0,79.0,0.0,0,314
2024-11-10,18.6,0.0,14.2,23.0,35.0,2.2,7.5,72.0,91.0,53.0,1.0,1,315
2024-11-11,16.8,0.0,13.1,20.5,30.0,2.5,5.3,83.0,89.0,68.0,0.0,0,316
2024-11-12,13.8,8.0,10.9,16.6,10.0,3.3,16.7,72.0,88.0,53.0,0.0,0,317
2024-11-13,13.6,0.4,10.2,16.9,8.0,7.8,16.4,87.0,92.0,73.0,0.0,0,318
2024-11-14,14.5,0.0,10.9,18.1,8.0,5.0,11.1,85.0,93.0,69.0,4.0,1,319
2024-11-15,15.8,0.0,13.6,18.0,9.0,2.2,6.7,80.0,90.0,72.0,1.0,1,320
2024-11-16,16.1,0.0,12.9,19.3,20.0,3.3,5.8,85.0,92.0,73.0,4.0,1,321
2024-11-17,16.6,0.0,12.6,20.6,21.0,1.4,6.1,81.0,92.0,58.0,0.0,0,322
2024-11-18,14.4,0.0,11.5,17.4,34.0,1.7,6.1,89.0,91.0,84.0,2.0,1,323
2024-11-19,16.6,0.0,13.3,19.8,29.0,2.2,6.9,85.0,92.0,66.0,0.0,0,324
2024-11-20,17.4,0.0,15.2,19.6,29.0,4.4,18.1,65.0,93.0,58.0,9.0,1,325
2024-11-21,16.0,0.0,13.3,18.8,32.0,3.1,13.6,66.0,93.0,52.0,4.0,1,326
2024-11-22,15.1,7.8,12.0,18.2,30.0,5.3,16.4,59.0,90.0,44.0,5.0,1,327
2024-11-23,15.1,0.0,11.9,18.3,23.0,3.3,9.7,79.0,90.0,64.0,0.0,0,328
2024-11-24,18.0,0.0,14.7,21.4,28.0,0.8,5.3,90.0,94.0,78.0,0.0,0,329
2024-11-25,16.3,0.0,13.5,19.1,23.0,1.7,7.8,91.0,93.0,78.0,3.0,1,330
2024-11-26,16.6,0.0,13.6,19.5,29.0,1.7,4.7,70.0,87.0,50.0,0.0,0,331
2024-11-27,14.7,0.0,11.1,18.3,33.0,1.9,6.1,66.0,80.0,56.0,11.0,1,332
2024-11-28,13.4,0.0,8.5,18.3,26.0,2.5,6.7,75.0,89.0,53.0,5.0,1,333
2024-11-29,14.4,0.0,9.3,19.4,8.0,3.3,6.1,76.0,92.0,48.0,2.0,1,334
2024-11-30,14.3,0.0,11.0,17.6,35.0,2.2,5.3,86.0,92.0,79.0,5.0,1,335
2024-12-01,15.8,0.0,13.5,18.0,21.0,2.2,5.3,87.0,92.0,80.0,0.0,0,336
2024-12-02,16.4,0.0,11.8,21.0,29.0,1.7,7.8,70.0,91.0,50.0,2.0,1,337
2024-12-03,14.0,0.4,10.8,17.1,99.0,2.5,6.4,77.0,90.0,62.0,0.0,0,338
2024-12-04,13.4,0.0,10.9,16.0,32.0,1.7,6.1,75.0,93.0,60.0,3.0,1,339
2024-12-05,13.6,0.0,9.7,17.4,34.0,1.7,7.5,67.0,78.0,55.0,0.0,0,340
2024-12-06,14.7,0.0,12.1,17.3,33.0,2.8,12.8,76.0,85.0,63.0,0.0,0,341
2024-12-07,14.8,0.0,9.2,20.3,32.0,5.8,21.7,69.0,91.0,39.0,2.0,1,342
2024-12-08,10.6,0.0,7.7,13.6,30.0,5.0,13.3,61.0,69.0,46.0,0.0,0,343
2024-12-09,10.6,0.0,7.0,14.3,99.0,3.3,10.8,59.0,72.0,47.0,1.0,1,344
2024-12-10,9.4,3.2,6.8,12.0,35.0,3.3,8.1,81.0,93.0,64.0,0.0,0,345
2024-12-11,8.9,1.2,6.8,11.0,35.0,3.3,7.2,89.0,93.0,81.0,0.0,0,346
2024-12-12,11.4,32.7,9.5,13.2,8.0,6.4,14.7,90.0,96.0,78.0,1.0,1,347
2024-12-13,12.4,0.0,9.1,15.7,31.0,2.2,6.1,85.0,91.0,74.0,0.0,0,348
2024-12-14,11.2,0.0,8.7,13.7,30.0,1.7,9.2,74.0,88.0,60.0,0.0,0,349
2024-12-15,10.6,0.0,6.9,14.2,32.0,1.9,8.1,74.0,85.0,58.0,0.0,0,350
2024-12-16,10.7,0.0,6.5,14.9,26.0,2.5,8.3,73.0,88.0,53.0,1.0,1,351
2024-12-17,12.4,0.0,9.0,15.9,26.0,3.1,10.6,75.0,90.0,59.0,0.0,0,352
2024-12-18,13.2,0.0,10.2,16.2,26.0,2.8,8.9,71.0,89.0,51.0,1.0,1,353
2024-12-19,15.7,0.0,11.4,20.0,32.0,4.4,16.4,54.0,75.0,47.0,0.0,0,354
2024-12-20,11.6,0.0,7.4,15.7,30.0,2.2,12.5,65.0,85.0,47.0,0.0,0,355
2024-12-21,10.3,0.0,6.8,13.8,30.0,1.9,7.5,65.0,81.0,52.0,0.0,0,356
2024-12-22,13.4,0.0,10.2,16.5,30.0,3.1,16.4,69.0,81.0,56.0,0.0,0,357
2024-12-23,11.9,0.0,8.1,15.7,30.0,2.2,9.4,54.0,84.0,39.0,0.0,0,358
2024-12-24,10.0,0.0,6.7,13.3,28.0,1.9,6.9,73.0,89.0,57.0,0.0,0,359
2024-12-25,11.7,0.0,8.2,15.2,10.0,2.5,6.7,89.0,93.0,82.0,0.0,0,360
2024-12-26,11.8,0.0,10.2,13.5,8.0,1.7,6.7,91.0,94.0,90.0,1.0,1,361
2024-12-27,12.5,0.0,7.9,17.1,2.0,1.7,6.4,62.0,95.0,39.0,0.0,0,362
2024-12-28,9.7,0.0,4.6,14.8,20.0,1.9,5.6,73.0,88.0,59.0,1.0,1,363
2024-12-29,10.6,0.0,5.1,16.2,99.0,2.5,5.0,69.0,86.0,46.0,0.0,0,364
2024-12-30,9.3,0.0,4.4,14.2,21.0,2.2,5.6,76.0,89.0,59.0,1.0,1,365
2024-12-31,9.8,0.0,5.5,14.0,35.0,2.5,6.1,88.0,93.0,69.0,0.0,0,366
2024-05-02,15.8,0.0,10.1,21.6,22.0,5.6,15.0,60.0,82.0,28.0,87.0,1,123
2024-05-03,15.1,0.0,10.0,20.2,24.0,4.7,13.6,61.0,82.0,36.0,4.0,1,124
2024-05-04,17.3,0.0,12.8,21.8,26.0,5.0,13.6,69.0,92.0,38.0,0.0,0,125
2024-05-05,16.8,0.0,14.6,19.0,7.0,2.2,6.7,91.0,93.0,63.0,3.0,1,126
2024-05-06,17.5,0.0,15.6,19.4,11.0,3.1,8.1,82.0,93.0,73.0,1.0,1,127
2024-05-07,16.5,0.0,14.0,19.0,8.0,5.0,10.3,72.0,92.0,52.0,0.0,0,128
2024-05-08,17.1,0.0,13.3,20.9,22.0,3.6,10.3,58.0,88.0,43.0,6.0,1,129
2024-05-09,18.1,0.0,14.8,21.4,20.0,3.6,6.9,71.0,90.0,47.0,202.0,1,130
2024-05-10,17.8,0.0,14.3,21.2,21.0,3.9,8.6,63.0,84.0,56.0,199.0,1,131
2024-05-11,17.5,0.0,15.0,20.0,20.0,3.6,7.8,76.0,93.0,61.0,17.0,1,132
2024-05-12,18.6,0.0,15.5,21.8,19.0,1.9,5.6,80.0,93.0,73.0,1.0,1,133
2024-05-13,19.2,0.1,16.2,22.1,3.0,2.2,4.4,87.0,93.0,83.0,10.0,1,134
2024-05-14,18.2,10.4,16.0,20.3,10.0,4.4,10.6,93.0,94.0,81.0,3.0,1,135
2024-05-15,16.2,0.7,14.2,18.2,21.0,3.1,8.1,86.0,91.0,78.0,8.0,1,136
2024-05-16,16.8,1.1,13.9,19.8,20.0,1.9,6.4,85.0,92.0,66.0,3.0,1,137
2024-05-17,17.8,1.0,14.5,21.0,9.0,4.2,7.2,88.0,93.0,83.0,6.0,1,138
2024-05-18,17.0,1.5,14.4,19.5,10.0,4.4,7.5,88.0,93.0,82.0,0.0,0,139
2024-05-19,17.6,0.2,14.8,20.3,8.0,3.6,6.4,89.0,93.0,85.0,19.0,1,140
2024-05-20,19.6,0.0,15.7,23.6,21.0,4.7,10.0,77.0,93.0,51.0,2.0,1,141
2024-05-21,19.0,0.0,15.4,22.5,22.0,5.0,11.1,73.0,92.0,57.0,3.0,1,142
2024-05-22,18.4,0.1,16.7,20.2,17.0,4.2,8.6,85.0,90.0,69.0,222.0,1,143
2024-05-23,18.4,0.0,15.4,21.4,10.0,4.2,7.5,78.0,89.0,70.0,2.0,1,144
2024-05-24,18.4,0.0,16.3,20.4,11.0,4.7,8.3,79.0,91.0,66.0,0.0,0,145
2024-05-25,18.6,0.0,15.4,21.7,21.0,3.6,7.2,82.0,91.0,64.0,1.0,1,146
2024-05-26,19.0,0.0,15.9,22.2,20.0,1.9,6.1,87.0,93.0,83.0,2.0,1,147
2024-05-27,20.2,0.0,18.3,22.0,9.0,5.3,8.3,87.0,93.0,83.0,3.0,1,148
2024-05-28,20.2,0.0,18.1,22.2,21.0,4.4,10.3,83.0,91.0,79.0,8.0,1,149
2024-05-29,19.8,0.0,17.9,21.8,21.0,4.7,8.9,90.0,93.0,82.0,2.0,1,150
2024-05-30,21.2,0.0,18.3,24.1,9.0,5.0,11.4,88.0,93.0,70.0,9.0,1,151
2024-05-31,21.0,0.4,18.4,23.6,23.0,6.1,12.5,67.0,91.0,52.0,1.0,1,152
2024-06-01,18.5,3.9,16.1,20.9,11.0,5.0,10.0,77.0,93.0,67.0,3.0,1,153
2024-06-02,19.9,0.0,16.4,23.4,99.0,4.4,8.1,75.0,91.0,62.0,2.0,1,154
2024-06-03,21.1,0.0,18.5,23.7,22.0,5.6,12.8,72.0,90.0,48.0,6.0,1,155
2024-06-04,21.3,0.0,19.4,23.2,21.0,5.8,11.1,87.0,93.0,63.0,9.0,1,156
2024-06-05,21.2,0.0,19.2,23.3,21.0,5.3,10.6,81.0,93.0,66.0,6.0,1,157
2024-06-06,23.0,0.0,19.0,26.9,20.0,3.3,10.6,61.0,92.0,42.0,6.0,1,158
2024-06-07,22.8,0.0,19.3,26.4,8.0,3.9,8.3,80.0,93.0,52.0,14.0,1,159
2024-06-08,22.6,0.0,20.6,24.7,10.0,6.4,14.4,78.0,92.0,47.0,5.0,1,160
2024-06-09,22.3,2.4,20.4,24.2,22.0,3.3,9.4,86.0,93.0,72.0,8.0,1,161
2024-06-10,19.2,44.9,17.2,21.2,9.0,1.1,6.4,87.0,94.0,71.0,6.0,1,162
2024-06-11,18.8,55.9,15.4,22.1,33.0,2.2,6.1,89.0,94.0,71.0,5.0,1,163
2024-06-12,18.1,21.1,14.5,21.7,11.0,5.3,11.4,87.0,94.0,68.0,2.0,1,164
2024-06-13,18.5,0.0,14.6,22.4,23.0,5.8,12.8,75.0,92.0,52.0,9.0,1,165
2024-06-14,21.8,0.0,18.8,24.9,24.0,4.4,10.8,86.0,93.0,66.0,3.0,1,166
2024-06-15,20.5,0.0,18.5,22.5,9.0,6.7,12.2,78.0,93.0,63.0,6.0,1,167
2024-06-16,21.2,0.0,18.4,24.1,20.0,2.2,5.3,73.0,91.0,61.0,3.0,1,168
2024-06-17,21.4,0.0,18.5,24.2,99.0,2.8,7.2,86.0,93.0,79.0,4.0,1,169
2024-06-18,22.0,0.0,19.6,24.3,9.0,4.4,9.7,89.0,93.0,75.0,16.0,1,170
2024-06-19,22.6,7.3,20.7,24.5,9.0,4.4,9.2,91.0,93.0,86.0,3.0,1,171
2024-06-20,21.2,1.2,19.5,22.9,11.0,3.6,12.2,87.0,94.0,83.0,2.0,1,172
2024-06-21,22.4,0.0,19.1,25.7,21.0,4.2,9.7,74.0,91.0,51.0,11.0,1,173
2024-06-22,22.6,1.8,19.6,25.7,10.0,4.7,10.3,86.0,93.0,80.0,4.0,1,174
2024-06-23,19.4,0.8,17.2,21.5,99.0,3.6,7.8,89.0,94.0,83.0,11.0,1,175
2024-06-24,22.8,0.0,20.7,24.9,22.0,4.4,10.0,72.0,87.0,59.0,11.0,1,176
2024-06-25,23.3,0.0,21.0,25.6,21.0,5.0,12.5,77.0,91.0,70.0,7.0,1,177
2024-06-26,23.0,0.0,21.3,24.8,20.0,3.9,10.3,86.0,92.0,77.0,11.0,1,178
2024-06-27,24.0,0.0,21.8,26.2,8.0,2.8,6.4,77.0,92.0,54.0,18.0,1,179
2024-06-28,24.6,0.0,22.2,26.9,8.0,5.0,11.4,72.0,93.0,57.0,20.0,1,180
2024-06-29,23.7,0.0,19.9,27.5,23.0,5.6,11.1,76.0,94.0,54.0,14.0,1,181
2024-06-30,23.4,3.5,21.6,25.3,8.0,3.9,8.9,86.0,91.0,75.0,18.0,1,182
2024-07-01,21.8,10.1,19.0,24.7,20.0,3.1,7.5,89.0,94.0,78.0,8.0,1,183
2024-07-02,22.8,0.0,19.9,25.6,19.0,3.9,8.1,80.0,90.0,61.0,19.0,1,184
2024-07-03,23.2,0.0,21.2,25.1,99.0,3.3,8.3,84.0,91.0,70.0,3.0,1,185
2024-07-04,23.0,0.0,19.9,26.1,20.0,2.5,7.5,85.0,92.0,77.0,11.0,1,186
2024-07-05,24.2,0.0,21.1,27.4,30.0,2.8,7.8,84.0,92.0,66.0,12.0,1,187
2024-07-06,24.8,0.0,22.8,26.8,9.0,5.3,15.6,86.0,91.0,75.0,5.0,1,188
2024-07-07,23.7,0.0,21.9,25.5,99.0,4.7,8.6,81.0,92.0,68.0,14.0,1,189
2024-07-08,23.4,0.0,21.4,25.3,21.0,4.7,10.6,86.0,91.0,76.0,14.0,1,190
2024-07-09,24.3,0.0,22.2,26.4,21.0,3.9,8.6,83.0,90.0,76.0,8.0,1,191
2024-07-10,25.2,0.0,22.5,27.9,24.0,3.6,9.2,81.0,94.0,70.0,1.0,1,192
2024-07-11,25.0,0.0,22.9,27.2,21.0,4.4,8.6,90.0,94.0,82.0,7.0,1,193
2024-07-12,26.4,0.2,23.7,29.0,19.0,3.3,6.7,86.0,94.0,82.0,11.0,1,194
2024-07-13,23.6,0.1,21.6,25.6,12.0,2.5,6.1,79.0,90.0,72.0,8.0,1,195
2024-07-14,24.6,0.0,21.4,27.7,22.0,5.0,11.9,85.0,93.0,73.0,5.0,1,196
2024-07-15,24.9,0.0,23.2,26.6,20.0,5.0,10.3,90.0,94.0,86.0,9.0,1,197
2024-07-16,25.8,0.0,23.5,28.0,99.0,3.3,5.8,82.0,94.0,74.0,11.0,1,198
2024-07-17,25.5,0.0,23.0,28.0,20.0,4.7,8.6,73.0,88.0,65.0,12.0,1,199
2024-07-18,25.2,0.0,22.9,27.5,21.0,4.4,9.2,79.0,92.0,66.0,15.0,1,200
2024-07-19,26.5,0.0,24.8,28.2,20.0,4.2,8.9,90.0,93.0,78.0,9.0,1,201
2024-07-20,26.8,0.5,24.6,28.9,21.0,3.9,8.9,83.0,92.0,67.0,13.0,1,202
2024-07-21,25.7,1.8,22.5,28.9,11.0,5.3,11.1,84.0,94.0,39.0,12.0,1,203
2024-07-22,25.4,0.0,22.0,28.7,21.0,4.2,8.6,60.0,87.0,47.0,9.0,1,204
2024-07-23,25.8,0.0,22.6,29.1,20.0,4.2,9.2,76.0,92.0,57.0,12.0,1,205
2024-07-24,26.1,0.0,23.4,28.8,99.0,5.0,8.9,81.0,92.0,62.0,12.0,1,206
2024-07-25,25.8,0.0,23.7,27.8,21.0,4.4,9.4,85.0,92.0,61.0,4.0,1,207
2024-07-26,26.8,0.0,24.0,29.6,21.0,3.3,7.5,78.0,91.0,57.0,5.0,1,208
2024-07-27,26.6,0.0,23.8,29.4,20.0,2.5,7.2,79.0,92.0,59.0,5.0,1,209
2024-07-28,26.1,0.0,23.9,28.3,9.0,5.8,10.0,89.0,92.0,78.0,8.0,1,210
2024-07-29,27.0,0.0,24.1,30.0,21.0,3.6,7.5,77.0,92.0,45.0,4.0,1,211
2024-07-30,30.4,0.0,25.6,35.2,24.0,3.9,13.3,46.0,86.0,32.0,2.0,1,212
2024-07-31,28.5,0.0,24.8,32.2,99.0,3.9,8.9,67.0,93.0,39.0,10.0,1,213
2024-08-01,28.1,0.0,24.6,31.6,9.0,3.1,5.6,84.0,93.0,56.0,5.0,1,214
2024-08-02,27.2,0.0,23.1,31.2,34.0,2.5,12.8,69.0,85.0,43.0,7.0,1,215
2024-08-03,26.7,0.0,23.6,29.8,34.0,4.2,8.9,67.0,85.0,52.0,1.0,1,216
2024-08-04,27.2,0.0,24.4,30.1,20.0,4.4,10.6,72.0,90.0,52.0,1.0,1,217
2024-08-05,26.6,0.0,24.5,28.8,20.0,4.7,9.7,86.0,91.0,80.0,6.0,1,218
2024-08-06,27.4,0.0,25.4,29.5,21.0,4.7,9.2,86.0,92.0,73.0,4.0,1,219
2024-08-07,28.0,0.0,25.2,30.9,11.0,1.7,5.3,77.0,90.0,71.0,13.0,1,220
2024-08-08,27.9,0.0,25.1,30.7,20.0,2.8,5.0,79.0,90.0,70.0,2.0,1,221
2024-08-09,28.6,0.0,25.2,32.1,99.0,2.8,5.3,72.0,90.0,58.0,4.0,1,222
2024-08-10,28.8,0.0,25.9,31.8,12.0,1.9,5.6,67.0,76.0,52.0,2.0,1,223
2024-08-11,27.0,0.0,25.0,29.0,12.0,4.7,8.3,85.0,93.0,62.0,0.0,0,224
2024-08-12,27.6,0.0,24.6,30.5,12.0,3.1,6.4,85.0,92.0,80.0,4.0,1,225
2024-08-13,27.6,1.3,24.6,30.7,10.0,3.6,8.9,86.0,92.0,47.0,5.0,1,226
2024-08-14,26.6,0.2,21.5,31.7,10.0,5.6,13.6,76.0,93.0,51.0,2.0,1,227
2024-08-15,24.8,0.0,21.0,28.6,10.0,3.6,12.2,73.0,90.0,54.0,5.0,1,228
2024-08-16,26.0,0.0,23.5,28.4,12.0,2.5,7.5,80.0,88.0,61.0,5.0,1,229
2024-08-17,26.6,0.0,23.5,29.8,23.0,4.2,12.5,75.0,90.0,59.0,1.0,1,230
2024-08-18,25.2,3.4,23.0,27.3,10.0,5.0,11.4,88.0,93.0,81.0,5.0,1,231
2024-08-19,24.9,0.0,22.4,27.4,99.0,3.9,8.9,83.0,93.0,59.0,6.0,1,232
2024-08-20,25.2,0.0,21.6,28.8,23.0,3.9,8.9,78.0,91.0,48.0,2.0,1,233
2024-08-21,26.4,0.0,23.6,29.1,99.0,5.3,11.4,79.0,90.0,63.0,1.0,1,234
2024-08-22,26.7,0.0,25.4,28.0,20.0,4.4,9.7,88.0,92.0,85.0,0.0,0,235
2024-08-23,27.2,0.0,25.0,29.4,99.0,4.2,8.6,89.0,92.0,76.0,2.0,1,236
2024-08-24,26.7,0.0,24.3,29.1,20.0,3.6,7.8,88.0,92.0,76.0,1.0,1,237
2024-08-25,26.8,0.0,24.4,29.2,10.0,3.6,12.5,76.0,92.0,59.0,0.0,0,238
2024-08-26,26.2,0.0,24.2,28.2,20.0,4.7,10.0,82.0,90.0,65.0,2.0,1,239
2024-08-27,26.4,0.0,24.6,28.1,22.0,4.7,11.1,83.0,91.0,80.0,3.0,1,240
2024-08-28,26.3,0.0,24.0,28.6,12.0,2.5,6.4,87.0,90.0,84.0,1.0,1,241
2024-08-29,26.2,0.0,24.0,28.3,9.0,3.9,7.8,84.0,94.0,75.0,2.0,1,242
2024-08-30,25.2,0.0,21.8,28.6,13.0,2.2,5.3,79.0,90.0,67.0,8.0,1,243
2024-08-31,26.6,0.0,23.6,29.7,12.0,3.3,5.6,83.0,91.0,76.0,5.0,1,244
2024-09-01,25.6,0.5,23.6,27.6,8.0,3.9,8.1,79.0,91.0,66.0,5.0,1,245
2024-09-02,26.0,0.0,22.6,29.4,36.0,2.2,5.8,72.0,89.0,54.0,2.0,1,246
2024-09-03,23.6,3.4,21.0,26.3,12.0,2.8,13.6,85.0,93.0,70.0,0.0,0,247
2024-09-04,21.4,8.5,19.1,23.8,26.0,2.8,11.1,88.0,94.0,77.0,0.0,0,248
2024-09-05,20.7,0.0,17.0,24.4,,3.1,,71.0,91.0,60.0,5.0,1,249
2024-09-06,23.8,1.3,20.3,27.2,11.0,5.6,11.4,86.0,94.0,79.0,10.0,1,250
2024-09-07,24.7,5.7,21.3,28.1,20.0,4.4,9.4,90.0,94.0,78.0,19.0,1,251
2024-09-08,22.3,44.7,19.3,25.3,9.0,1.7,9.7,92.0,95.0,80.0,3.0,1,252
2024-09-09,22.6,0.0,19.0,26.3,35.0,3.3,8.6,66.0,85.0,56.0,3.0,1,253
2024-09-10,23.4,0.0,20.5,26.3,19.0,3.3,8.3,77.0,90.0,61.0,7.0,1,254
2024-09-11,22.0,0.0,18.9,25.2,36.0,2.8,7.8,74.0,91.0,55.0,1.0,1,255
2024-09-12,20.6,0.5,17.4,23.7,12.0,3.9,11.4,83.0,92.0,65.0,1.0,1,256
2024-09-13,18.4,0.0,14.8,22.1,21.0,2.8,7.2,58.0,83.0,48.0,5.0,1,257
2024-09-14,19.7,0.0,15.1,24.3,19.0,3.6,8.1,50.0,69.0,34.0,3.0,1,258
2024-09-15,20.8,0.0,16.1,25.6,22.0,4.2,10.0,55.0,69.0,44.0,4.0,1,259
2024-09-16,22.0,0.0,18.2,25.9,35.0,2.2,6.9,48.0,66.0,38.0,2.0,1,260
2024-09-17,21.0,3.4,17.6,24.3,8.0,4.2,13.6,66.0,90.0,52.0,1.0,1,261
2024-09-18,19.6,7.0,17.5,21.7,10.0,2.5,12.2,80.0,94.0,68.0,4.0,1,262
2024-09-19,20.3,2.8,16.9,23.7,18.0,3.6,7.5,77.0,91.0,70.0,6.0,1,263
2024-09-20,20.0,13.7,17.5,22.6,8.0,3.9,6.7,83.0,94.0,74.0,5.0,1,264
2024-09-21,20.6,1.2,18.9,22.3,8.0,4.4,9.7,86.0,92.0,68.0,4.0,1,265
2024-09-22,21.2,0.3,18.9,23.5,9.0,1.9,7.5,88.0,92.0,82.0,9.0,1,266
2024-09-23,20.8,0.1,18.3,23.2,9.0,3.6,11.4,89.0,93.0,71.0,3.0,1,267
2024-09-24,22.4,0.0,18.3,26.5,9.0,3.9,11.7,74.0,91.0,46.0,8.0,1,268
2024-09-25,21.4,0.0,17.9,24.8,26.0,3.9,10.3,78.0,89.0,64.0,3.0,1,269
2024-09-26,25.3,0.0,21.4,29.2,24.0,4.4,10.8,81.0,91.0,60.0,2.0,1,270
2024-09-27,22.4,0.0,17.7,27.0,9.0,5.6,13.6,66.0,91.0,29.0,0.0,0,271
2024-09-28,18.2,2.5,14.5,21.9,35.0,3.6,8.6,58.0,80.0,48.0,4.0,1,272
2024-09-29,19.8,0.0,16.0,23.5,25.0,3.9,12.8,67.0,86.0,51.0,6.0,1,273
2024-09-30,21.7,0.0,18.3,25.1,23.0,3.6,10.6,84.0,90.0,74.0,4.0,1,274
2024-10-01,22.4,0.0,19.8,25.1,24.0,4.2,12.5,83.0,91.0,69.0,7.0,1,275
2024-10-02,19.1,29.3,15.3,22.9,12.0,5.6,11.4,92.0,96.0,83.0,1.0,1,276
2024-10-03,19.0,0.0,14.1,24.0,7.0,3.1,10.8,82.0,96.0,46.0,1.0,1,277
2024-10-04,19.0,0.0,15.9,22.0,21.0,3.6,9.7,71.0,89.0,56.0,9.0,1,278
2024-10-05,19.4,0.0,15.8,23.1,8.0,3.6,9.7,74.0,89.0,49.0,2.0,1,279
2024-10-06,21.0,0.0,18.0,24.0,21.0,2.5,7.5,87.0,93.0,73.0,4.0,1,280
2024-10-07,21.6,1.7,18.2,24.9,31.0,1.7,16.9,92.0,94.0,57.0,5.0,1,281
2024-10-08,21.4,0.0,17.5,25.2,28.0,4.4,12.5,63.0,89.0,43.0,2.0,1,282
2024-10-09,22.4,0.1,20.1,24.6,23.0,4.4,17.5,68.0,87.0,57.0,5.0,1,283
2024-10-10,20.2,0.0,17.3,23.0,28.0,2.5,10.8,66.0,87.0,60.0,1.0,1,284
2024-10-11,18.6,0.0,16.0,21.2,17.0,2.8,6.7,85.0,91.0,78.0,3.0,1,285
2024-10-12,20.0,0.6,16.7,23.2,22.0,1.7,7.2,89.0,93.0,73.0,3.0,1,286
2024-10-13,19.7,0.0,17.6,21.8,8.0,2.5,8.1,89.0,93.0,79.0,7.0,1,287
2024-10-14,20.3,0.0,18.5,22.1,11.0,4.7,11.1,93.0,94.0,90.0,5.0,1,288
2024-10-15,21.2,0.0,19.7,22.8,99.0,5.6,10.3,92.0,94.0,87.0,1.0,1,289
2024-10-16,22.0,0.0,19.4,24.5,20.0,3.6,8.6,90.0,94.0,84.0,4.0,1,290
2024-10-17,20.6,0.4,16.2,25.0,31.0,3.3,13.6,72.0,94.0,57.0,1.0,1,291
2024-10-18,16.8,0.0,14.6,19.1,33.0,4.7,8.9,74.0,91.0,57.0,1.0,1,292
2024-10-19,17.6,0.0,13.8,21.5,21.0,2.8,6.9,69.0,89.0,54.0,5.0,1,293
2024-10-20,20.0,0.0,15.0,24.9,2.0,1.4,5.8,70.0,91.0,53.0,1.0,1,294
2024-10-21,20.2,0.0,17.1,23.2,10.0,3.9,6.9,86.0,93.0,67.0,3.0,1,295
2024-10-22,18.8,0.0,16.8,20.9,10.0,4.7,11.1,90.0,92.0,76.0,6.0,1,296
2024-10-23,19.4,0.0,15.8,23.0,10.0,2.2,5.8,83.0,92.0,65.0,4.0,1,297
2024-10-24,18.4,0.0,15.2,21.5,20.0,2.2,5.0,88.0,93.0,83.0,1.0,1,298
2024-10-25,18.9,31.9,16.0,21.8,26.0,3.3,10.8,91.0,93.0,83.0,1.0,1,299
2024-10-26,16.2,17.9,13.7,18.7,32.0,1.4,10.0,90.0,94.0,82.0,6.0,1,300
2024-10-27,16.1,0.9,12.7,19.5,9.0,8.1,14.7,88.0,94.0,77.0,0.0,0,301
2024-10-28,19.2,8.6,17.5,20.8,9.0,7.8,12.2,89.0,94.0,84.0,3.0,1,302
2024-10-29,19.3,0.1,17.2,21.4,9.0,7.8,15.0,91.0,92.0,83.0,2.0,1,303
2024-10-30,19.3,21.0,17.8,20.8,99.0,8.1,15.3,91.0,94.0,82.0,4.0,1,304
2024-10-31,20.0,13.4,18.3,21.6,8.0,7.5,12.2,91.0,94.0,80.0,0.0,0,305
2024-11-01,18.6,0.0,16.0,21.2,99.0,3.9,12.5,88.0,94.0,81.0,7.0,1,306
2021-01-01,8.1,0.0,6.3,9.9,8.0,1.9,11.1,75.0,84.0,66.0,2.0,1,1
2021-01-02,7.0,0.0,4.0,9.9,12.0,2.2,8.3,64.0,77.0,55.0,1.0,1,2
2021-01-03,6.8,0.0,4.0,9.7,21.0,2.8,11.7,49.0,75.0,41.0,1.0,1,3
2021-01-04,6.3,0.0,2.5,10.1,30.0,2.8,10.0,62.0,78.0,46.0,0.0,0,4
2021-01-05,6.4,0.0,2.8,10.0,33.0,2.2,7.8,73.0,81.0,58.0,0.0,0,5
2021-01-06,6.2,1.7,2.0,10.4,34.0,2.5,6.7,73.0,81.0,64.0,2.0,1,6
2021-01-07,5.8,0.0,4.1,7.4,9.0,3.1,7.5,74.0,94.0,62.0,0.0,0,7
2021-01-08,4.9,3.9,2.3,7.5,99.0,1.9,10.6,68.0,78.0,45.0,0.0,0,8
2021-01-09,5.8,7.9,3.8,7.9,8.0,9.2,21.4,87.0,91.0,48.0,1.0,1,9
2021-01-10,7.0,1.0,5.4,8.6,5.0,2.2,13.6,83.0,90.0,67.0,1.0,1,10
2021-01-11,6.0,0.0,3.0,9.1,29.0,2.2,7.8,74.0,87.0,61.0,4.0,1,11
2021-01-12,6.6,0.0,3.1,10.1,34.0,3.1,11.1,54.0,73.0,44.0,5.0,1,12
2021-01-13,9.0,0.0,4.4,13.7,28.0,2.5,9.4,64.0,77.0,50.0,0.0,0,13
2021-01-14,8.4,0.0,5.2,11.7,35.0,3.9,9.2,73.0,83.0,58.0,3.0,1,14
2021-01-15,8.6,0.0,4.8,12.3,99.0,2.8,6.7,72.0,91.0,56.0,3.0,1,15
2021-01-16,9.2,0.0,5.0,13.5,99.0,2.8,7.5,63.0,91.0,46.0,1.0,1,16
2021-01-17,11.4,0.0,6.8,15.9,6.0,1.9,6.4,63.0,84.0,42.0,2.0,1,17
2021-01-18,9.8,0.0,7.4,12.1,27.0,1.7,6.1,87.0,91.0,77.0,1.0,1,18
2021-01-19,10.6,0.0,6.2,15.0,22.0,3.6,10.3,84.0,91.0,74.0,2.0,1,19
2021-01-20,11.5,0.0,9.9,13.1,22.0,3.1,10.0,88.0,91.0,84.0,0.0,0,20
2021-01-21,12.8,0.0,9.1,16.4,28.0,3.6,11.1,68.0,92.0,56.0,1.0,1,21
2021-01-22,12.0,5.0,9.0,15.1,31.0,6.4,22.5,64.0,92.0,51.0,2.0,1,22
2021-01-23,12.3,0.0,9.5,15.1,30.0,3.3,14.4,56.0,76.0,47.0,1.0,1,23
2021-01-24,13.0,0.0,10.7,15.4,31.0,8.1,23.6,67.0,85.0,47.0,4.0,1,24
2021-01-25,12.6,0.0,9.6,15.6,10.0,5.3,12.2,72.0,90.0,58.0,2.0,1,25
2021-01-26,10.7,0.0,8.4,13.0,26.0,2.2,10.0,87.0,93.0,71.0,0.0,0,26
2021-01-27,11.4,0.0,7.7,15.1,34.0,2.2,5.6,75.0,88.0,61.0,0.0,0,27
2021-01-28,13.6,0.0,10.0,17.3,35.0,1.4,8.9,87.0,94.0,78.0,0.0,0,28
2021-01-29,17.2,0.0,12.1,22.3,26.0,3.6,10.8,73.0,93.0,50.0,3.0,1,29
2021-01-30,15.0,0.2,10.6,19.4,26.0,4.2,17.5,63.0,93.0,42.0,1.0,1,30
2021-01-31,14.0,0.0,10.8,17.1,32.0,4.7,20.0,58.0,65.0,48.0,0.0,0,31
2021-02-01,16.7,0.0,13.6,19.8,33.0,5.0,15.6,51.0,71.0,41.0,0.0,0,32
2021-02-02,15.6,0.0,11.8,19.5,30.0,3.3,10.8,71.0,90.0,57.0,0.0,0,33
2021-02-03,16.2,0.0,12.3,20.1,27.0,3.6,9.7,67.0,93.0,49.0,1.0,1,34
2021-02-04,12.8,0.0,10.8,14.8,36.0,1.9,5.0,89.0,93.0,81.0,1.0,1,35
2021-02-05,12.8,0.0,11.3,14.3,12.0,4.7,10.3,90.0,93.0,83.0,3.0,1,36
2021-02-06,14.4,1.0,12.4,16.3,9.0,5.3,12.8,90.0,92.0,70.0,4.0,1,37
2021-02-07,11.6,0.5,9.3,14.0,14.0,2.2,7.5,76.0,91.0,56.0,0.0,0,38
2021-02-08,11.9,3.5,10.0,13.8,26.0,2.8,9.4,79.0,93.0,60.0,0.0,0,39
2021-02-09,12.2,0.0,9.9,14.6,27.0,4.4,13.6,71.0,85.0,57.0,4.0,1,40
2021-02-10,13.2,0.0,10.5,16.0,28.0,3.1,12.5,62.0,76.0,51.0,0.0,0,41
2021-02-11,11.8,0.0,7.7,15.9,21.0,3.3,7.5,66.0,85.0,51.0,0.0,0,42
2021-02-12,11.8,0.0,9.4,14.1,10.0,2.8,7.8,91.0,93.0,76.0,0.0,0,43
2021-02-13,12.3,0.0,10.1,14.5,13.0,4.2,11.1,89.0,93.0,65.0,5.0,1,44
2021-02-14,9.8,1.4,8.3,11.3,10.0,7.2,11.9,82.0,94.0,69.0,0.0,0,45
2021-02-15,9.8,0.3,8.2,11.3,25.0,1.9,6.4,81.0,93.0,73.0,0.0,0,46
2021-02-16,12.1,0.0,10.1,14.1,25.0,4.4,13.1,88.0,93.0,77.0,2.0,1,47
2021-02-17,11.9,0.0,9.0,14.8,21.0,3.6,9.2,91.0,93.0,81.0,0.0,0,48
2021-02-18,11.2,0.0,9.0,13.4,20.0,2.8,7.5,88.0,93.0,81.0,0.0,0,49
2021-02-19,10.6,0.0,8.9,12.4,22.0,3.6,8.6,91.0,93.0,86.0,3.0,1,50
2021-02-20,11.6,0.0,8.6,14.5,99.0,2.5,5.3,88.0,93.0,78.0,3.0,1,51
2021-02-21,12.2,0.1,10.4,13.9,8.0,11.7,18.1,91.0,92.0,88.0,4.0,1,52
2021-02-22,12.8,4.3,11.5,14.0,8.0,3.3,17.8,93.0,94.0,90.0,0.0,0,53
2021-02-23,14.4,0.0,12.5,16.3,9.0,3.1,7.5,91.0,94.0,86.0,0.0,0,54
2021-02-24,14.0,0.0,11.7,16.4,18.0,1.9,5.0,89.0,93.0,83.0,0.0,0,55
2021-02-25,13.0,0.0,11.1,15.0,22.0,3.3,8.6,89.0,93.0,82.0,0.0,0,56
2021-02-26,13.2,0.0,10.9,15.6,20.0,2.5,5.8,83.0,92.0,72.0,1.0,1,57
2021-02-27,12.2,0.0,8.9,15.5,21.0,3.9,9.4,86.0,92.0,70.0,0.0,0,58
2021-02-28,12.7,0.0,10.7,14.7,10.0,6.1,12.8,86.0,92.0,75.0,1.0,1,59
2021-03-01,12.4,0.0,11.3,13.6,8.0,5.6,10.8,87.0,93.0,73.0,2.0,1,60
2021-03-02,12.9,0.0,11.8,14.0,8.0,6.4,11.4,89.0,93.0,80.0,4.0,1,61
2021-03-03,13.2,0.0,11.3,15.1,3.0,2.8,6.1,89.0,93.0,85.0,1.0,1,62
2021-03-04,13.1,0.0,10.8,15.4,18.0,2.5,5.3,88.0,93.0,82.0,1.0,1,63
2021-03-05,12.2,0.0,10.1,14.4,20.0,1.9,5.8,90.0,91.0,82.0,0.0,0,64
2021-03-06,12.6,0.0,10.9,14.3,9.0,3.6,8.3,85.0,91.0,71.0,3.0,1,65
2021-03-07,12.3,1.2,10.7,13.9,10.0,3.3,5.8,87.0,93.0,81.0,1.0,1,66
2021-03-08,12.1,0.3,10.8,13.4,9.0,2.2,10.0,88.0,93.0,77.0,0.0,0,67
2021-03-09,12.4,0.0,9.9,14.8,99.0,3.6,7.5,80.0,88.0,61.0,8.0,1,68
2021-03-10,11.2,0.0,8.2,14.1,23.0,4.4,9.7,69.0,77.0,51.0,3.0,1,69
2021-03-11,12.6,0.0,8.6,16.5,23.0,3.3,9.4,74.0,91.0,51.0,0.0,0,70
2021-03-12,12.9,0.0,10.8,15.0,12.0,4.7,8.3,85.0,94.0,64.0,0.0,0,71
2021-03-13,13.1,0.0,9.4,16.8,26.0,4.7,13.1,72.0,91.0,48.0,1.0,1,72
2021-03-14,13.3,0.0,10.1,16.5,20.0,3.9,8.6,70.0,83.0,52.0,1.0,1,73
2021-03-15,12.0,0.0,8.7,15.4,20.0,4.4,10.0,74.0,90.0,56.0,1.0,1,74
2021-03-16,12.3,0.0,9.2,15.4,14.0,2.8,5.8,79.0,91.0,57.0,0.0,0,75
2021-03-17,13.7,0.0,8.5,18.9,10.0,3.3,9.4,83.0,91.0,47.0,0.0,0,76
2021-03-18,10.1,6.8,6.2,14.0,10.0,4.4,14.4,71.0,94.0,61.0,0.0,0,77
2021-03-19,8.4,0.2,6.0,10.8,8.0,1.9,7.8,81.0,94.0,63.0,1.0,1,78
2021-03-20,9.6,0.0,6.7,12.6,10.0,8.9,15.6,47.0,81.0,36.0,0.0,0,79
2021-03-21,9.7,0.0,5.7,13.7,19.0,4.2,15.3,61.0,88.0,43.0,0.0,0,80
2021-03-22,11.5,0.0,7.2,15.8,21.0,2.8,7.8,69.0,90.0,40.0,0.0,0,81
2021-03-23,11.9,0.0,8.2,15.6,8.0,3.3,8.1,82.0,92.0,60.0,0.0,0,82
2021-03-24,12.3,0.0,8.6,16.0,23.0,3.6,9.4,85.0,92.0,60.0,0.0,0,83
2021-03-25,12.2,0.0,9.3,15.1,21.0,3.1,7.5,88.0,92.0,73.0,0.0,0,84
2021-03-26,13.4,0.0,11.7,15.2,21.0,3.9,8.3,90.0,93.0,83.0,3.0,1,85
2021-03-27,14.2,0.0,12.3,16.2,8.0,2.5,9.4,81.0,93.0,74.0,0.0,0,86
2021-03-28,13.3,0.0,10.4,16.2,13.0,2.5,5.8,85.0,92.0,69.0,2.0,1,87
2021-03-29,12.8,0.0,9.2,16.5,9.0,2.5,6.1,80.0,93.0,68.0,1.0,1,88
2021-03-30,13.2,0.0,10.5,15.9,9.0,2.2,5.3,82.0,94.0,68.0,1.0,1,89
2021-03-31,13.4,0.0,9.4,17.4,16.0,1.7,5.0,82.0,93.0,64.0,1.0,1,90
2021-04-01,13.6,0.0,8.8,18.5,3.0,1.7,5.3,64.0,89.0,47.0,1.0,1,91
2021-04-02,14.6,0.0,12.0,17.3,10.0,4.2,9.7,78.0,88.0,54.0,0.0,0,92
2021-04-03,16.5,0.2,12.4,20.6,21.0,3.1,7.5,79.0,90.0,49.0,1.0,1,93
2021-04-04,15.0,0.0,12.2,17.7,10.0,1.9,6.1,70.0,92.0,58.0,1.0,1,94
2021-04-05,14.2,0.0,10.8,17.6,99.0,4.7,12.8,73.0,93.0,54.0,2.0,1,95
2021-04-06,13.0,0.3,10.8,15.3,10.0,3.9,11.7,74.0,93.0,64.0,0.0,0,96
2021-04-07,10.6,0.0,7.8,13.4,10.0,2.8,8.9,67.0,92.0,52.0,0.0,0,97
2021-04-08,11.2,0.0,8.8,13.6,20.0,5.3,11.7,63.0,77.0,56.0,0.0,0,98
2021-04-09,12.0,0.0,9.5,14.4,13.0,4.2,7.8,82.0,91.0,71.0,1.0,1,99
2021-04-10,12.6,1.4,11.7,13.5,1.0,2.2,6.1,92.0,94.0,86.0,1.0,1,100
2021-04-11,13.0,7.0,11.0,15.0,8.0,3.1,13.9,90.0,93.0,88.0,0.0,0,101
2021-04-12,10.8,0.0,7.6,14.0,20.0,4.4,8.9,73.0,93.0,60.0,1.0,1,102
2021-04-13,12.3,0.0,9.2,15.4,20.0,3.3,6.7,74.0,91.0,59.0,0.0,0,103
2021-04-14,13.2,0.0,11.2,15.3,9.0,4.7,8.9,67.0,89.0,60.0,0.0,0,104
2021-04-15,12.8,0.0,11.1,14.5,10.0,6.4,10.6,66.0,77.0,48.0,9.0,1,105
2021-04-16,11.6,0.3,8.3,14.8,10.0,5.0,11.4,61.0,88.0,47.0,6.0,1,106
2021-04-17,11.0,0.0,7.8,14.2,9.0,2.8,10.3,60.0,84.0,50.0,0.0,0,107
2021-04-18,11.9,0.0,8.8,15.0,21.0,4.4,9.7,59.0,77.0,39.0,2.0,1,108
2021-04-19,12.7,0.0,9.6,15.8,99.0,4.2,7.5,82.0,91.0,71.0,2.0,1,109
2021-04-20,13.6,3.9,11.6,15.7,8.0,3.6,7.8,90.0,93.0,75.0,1.0,1,110
2021-04-21,12.6,0.0,11.0,14.1,10.0,5.0,10.0,90.0,93.0,84.0,1.0,1,111
2021-04-22,13.1,0.0,10.1,16.1,99.0,4.2,9.7,82.0,92.0,76.0,1.0,1,112
2021-04-23,14.2,0.0,9.8,18.5,10.0,1.4,4.7,72.0,92.0,64.0,2.0,1,113
2021-04-24,14.2,0.0,10.6,17.8,1.0,2.2,4.7,78.0,92.0,63.0,1.0,1,114
2021-04-25,15.0,0.0,12.6,17.3,8.0,4.4,10.3,83.0,92.0,72.0,8.0,1,115
2021-04-26,15.0,3.1,12.7,17.4,7.0,3.9,11.4,76.0,92.0,50.0,72.0,1,116
2021-04-27,15.6,0.1,12.7,18.4,1.0,2.5,6.7,87.0,90.0,74.0,15.0,1,117
2021-04-28,15.9,0.0,13.7,18.1,16.0,2.2,5.6,89.0,93.0,81.0,255.0,1,118
2021-04-29,16.0,0.0,14.1,17.9,99.0,5.0,8.6,91.0,93.0,87.0,24.0,1,119
2021-04-30,16.0,23.6,14.5,17.5,99.0,4.4,9.2,91.0,92.0,85.0,111.0,1,120
2021-05-01,14.6,5.8,12.0,17.3,12.0,2.8,11.4,83.0,94.0,69.0,3.0,1,121
2021-05-02,13.4,0.7,11.4,15.5,13.0,3.9,11.1,79.0,92.0,64.0,6.0,1,122
2021-05-03,14.0,0.0,10.5,17.4,18.0,2.8,10.8,72.0,84.0,50.0,3.0,1,123
2021-05-04,14.4,0.0,11.1,17.8,21.0,4.4,10.3,67.0,91.0,54.0,0.0,0,124
2021-05-05,16.7,0.0,13.6,19.8,20.0,2.2,6.7,86.0,93.0,78.0,3.0,1,125
2021-05-06,17.0,0.0,14.5,19.6,23.0,4.7,15.6,84.0,93.0,78.0,2.0,1,126
2021-05-07,17.0,0.0,14.7,19.2,9.0,3.6,7.2,89.0,93.0,79.0,22.0,1,127
2021-05-08,18.9,0.0,15.5,22.3,22.0,3.6,10.6,72.0,93.0,62.0,0.0,0,128
2021-05-09,17.0,0.4,15.2,18.7,8.0,4.2,11.9,90.0,94.0,85.0,3.0,1,129
2021-05-10,17.4,1.5,15.6,19.1,22.0,2.8,9.4,85.0,94.0,66.0,5.0,1,130
2021-05-11,18.0,0.0,13.5,22.5,10.0,3.1,18.9,57.0,85.0,33.0,302.0,1,131
2021-05-12,16.4,0.0,11.6,21.3,24.0,3.9,16.4,58.0,89.0,41.0,243.0,1,132
2021-05-13,17.6,0.5,14.1,21.2,26.0,5.3,15.3,65.0,91.0,47.0,45.0,1,133
2021-05-14,16.4,0.2,14.4,18.4,18.0,3.9,12.8,85.0,91.0,66.0,0.0,0,134
2021-05-15,18.7,0.0,13.7,23.7,22.0,4.7,11.7,77.0,93.0,44.0,3.0,1,135
2021-05-16,17.9,0.0,15.3,20.5,7.0,3.9,9.7,85.0,94.0,62.0,1.0,1,136
2021-05-17,16.0,0.0,14.7,17.4,21.0,4.7,10.3,85.0,92.0,75.0,1.0,1,137
2021-05-18,17.3,0.9,14.7,19.9,24.0,4.2,15.0,86.0,93.0,71.0,7.0,1,138
2021-05-19,16.4,0.1,14.4,18.3,99.0,5.3,11.9,84.0,93.0,63.0,370.0,1,139
2021-05-20,17.0,0.1,14.2,19.7,24.0,4.4,11.7,78.0,93.0,57.0,1.0,1,140
2021-05-21,17.7,0.0,15.1,20.3,23.0,5.0,11.4,89.0,94.0,59.0,5.0,1,141
2021-05-22,17.0,0.0,14.8,19.2,10.0,4.2,8.9,81.0,93.0,75.0,3.0,1,142
2021-05-23,16.2,0.3,14.7,17.8,14.0,1.7,6.9,78.0,84.0,69.0,0.0,0,143
2021-05-24,18.4,0.0,14.6,22.3,8.0,5.0,13.3,67.0,92.0,50.0,1.0,1,144
2021-05-25,16.0,0.0,14.3,17.7,21.0,4.2,7.2,84.0,90.0,78.0,205.0,1,145
2021-05-26,16.4,0.0,13.9,19.0,20.0,3.6,8.1,83.0,90.0,77.0,209.0,1,146
2021-05-27,18.0,0.0,15.4,20.5,21.0,3.6,8.3,87.0,93.0,79.0,464.0,1,147
2021-05-28,19.2,0.0,16.4,22.1,8.0,2.5,6.9,83.0,92.0,78.0,3.0,1,148
2021-05-29,21.0,0.0,16.6,25.5,21.0,3.3,8.1,72.0,88.0,44.0,1.0,1,149
2021-05-30,21.0,0.0,18.4,23.5,8.0,3.6,8.3,86.0,91.0,55.0,14.0,1,150
2021-05-31,20.4,0.0,17.7,23.2,27.0,2.2,8.1,83.0,92.0,65.0,7.0,1,151
2021-06-01,19.8,0.4,17.8,21.7,99.0,2.8,8.9,84.0,94.0,63.0,5.0,1,152
2022-07-01,24.0,0.0,21.5,26.5,,,,60.0,74.0,53.0,4.0,1,182
2022-07-02,24.0,0.0,20.9,27.2,,,,61.0,78.0,48.0,7.0,1,183
2022-07-03,25.2,0.0,21.9,28.4,,,,63.0,80.0,44.0,3.0,1,184
2022-07-04,26.5,0.0,22.4,30.6,,,,51.0,80.0,24.0,8.0,1,185
2022-07-05,27.4,1.6,23.6,31.3,,,,54.0,80.0,45.0,6.0,1,186
2022-07-06,26.4,0.4,23.4,29.3,,,,64.0,80.0,50.0,7.0,1,187
2022-07-07,26.4,0.0,22.7,30.0,,,,55.0,65.0,41.0,2.0,1,188
2022-07-08,26.0,0.0,22.9,29.1,,,,55.0,75.0,46.0,4.0,1,189
2022-07-09,26.0,0.0,22.1,29.8,,,,63.0,73.0,50.0,4.0,1,190
2022-07-10,26.8,0.0,23.0,30.7,,,,59.0,71.0,46.0,0.0,0,191
2022-07-11,26.4,0.0,23.6,29.3,,,,59.0,80.0,46.0,1.0,1,192
2022-07-12,26.0,0.0,22.9,29.0,,,,72.0,82.0,45.0,4.0,1,193
2022-07-13,27.6,0.0,23.9,31.4,,,,64.0,82.0,44.0,1.0,1,194
2022-07-14,28.0,0.0,24.3,31.7,,,,62.0,78.0,39.0,1.0,1,195
2022-07-15,29.0,0.0,23.7,34.3,,,,48.0,69.0,34.0,1.0,1,196
2022-07-16,28.4,0.0,24.9,32.0,,,,50.0,61.0,38.0,6.0,1,197
2022-07-17,28.2,0.0,25.0,31.4,,,,51.0,77.0,41.0,1.0,1,198
2022-07-18,27.0,0.0,24.1,29.9,,,,75.0,83.0,67.0,1.0,1,199
2022-07-19,27.3,0.0,24.1,30.5,,,,78.0,88.0,57.0,0.0,0,200
2022-07-20,27.700000000000003,0.0,24.4,31.0,,,,69.0,82.0,55.0,0.0,0,201
2022-07-21,28.1,0.0,24.7,31.5,,,,64.0,76.0,53.0,0.0,0,202
2022-07-22,28.8,0.0,24.9,32.7,,,,56.0,80.0,47.0,0.0,0,203
2022-07-23,27.8,0.0,25.1,30.5,,,,74.0,84.0,67.0,0.0,0,204
2022-07-24,28.9,0.0,25.7,32.1,,,,67.0,88.0,54.0,0.0,0,205
2022-07-25,27.4,0.0,25.2,29.5,,,,70.0,79.0,57.0,0.0,0,206
2022-07-26,27.5,1.6,24.8,30.2,,,,63.0,78.0,50.0,0.0,0,207
2022-07-27,26.2,2.0,23.4,29.0,,,,72.0,85.0,62.0,0.0,0,208
2022-07-28,27.6,0.2,24.2,31.1,,,,71.0,88.0,57.0,1.0,1,209
2022-07-29,27.3,0.8,24.7,29.9,,,,73.0,81.0,59.0,2.0,1,210
2022-07-30,27.2,0.0,23.9,30.4,,,,58.0,75.0,44.0,3.0,1,211
2022-07-31,28.4,0.0,25.0,31.9,,,,57.0,76.0,43.0,0.0,0,212
2022-08-01,29.6,0.0,25.4,33.8,,,,50.0,75.0,37.0,5.0,1,213
2022-08-02,30.4,0.0,26.6,34.2,,,,60.0,68.0,45.0,2.0,1,214
2022-08-03,29.4,0.0,26.4,32.3,,,,56.0,66.0,45.0,2.0,1,215
2022-08-04,28.7,0.0,25.2,32.2,,,,61.0,79.0,52.0,2.0,1,216
2022-08-05,27.4,13.4,22.6,32.1,,,,71.0,85.0,52.0,2.0,1,217
2022-08-06,28.0,0.0,23.6,32.5,,,,57.0,74.0,42.0,0.0,0,218
2022-08-07,28.6,0.0,25.6,31.7,,,,56.0,71.0,46.0,2.0,1,219
2022-08-08,27.9,0.2,24.4,31.4,,,,56.0,72.0,45.0,1.0,1,220
2022-08-09,28.0,0.0,24.6,31.3,,,,63.0,78.0,45.0,0.0,0,221
2022-08-10,29.0,0.2,25.6,32.5,,,,56.0,65.0,40.0,2.0,1,222
2022-08-11,28.6,0.0,24.5,32.6,,,,59.0,70.0,40.0,3.0,1,223
2022-08-12,29.3,0.2,25.8,32.8,,,,68.0,76.0,55.0,0.0,0,224
2022-08-13,28.5,0.0,25.3,31.7,,,,74.0,82.0,49.0,1.0,1,225
2022-08-14,30.2,0.0,26.4,34.1,,,,51.0,81.0,30.0,0.0,0,226
2022-08-15,27.4,0.2,24.9,29.9,,,,61.0,71.0,51.0,2.0,1,227
2022-08-16,27.2,0.2,24.3,30.2,,,,71.0,82.0,63.0,0.0,0,228
2022-08-17,26.0,7.0,21.5,30.5,,,,61.0,85.0,53.0,0.0,0,229
2022-08-18,23.9,2.0,20.5,27.3,,,,63.0,82.0,48.0,1.0,1,230
2022-08-19,24.4,0.0,19.9,28.8,,,,56.0,74.0,43.0,2.0,1,231
2022-08-20,26.2,0.2,22.4,30.1,,,,61.0,74.0,47.0,2.0,1,232
2022-08-21,26.6,4.6,23.3,29.8,,,,77.0,86.0,62.0,1.0,1,233
2022-08-22,26.6,0.2,24.1,29.2,,,,70.0,83.0,59.0,0.0,0,234
2022-08-23,27.0,0.2,24.0,30.1,,,,66.0,81.0,56.0,2.0,1,235
2022-08-24,28.0,0.0,24.6,31.5,,,,69.0,84.0,51.0,0.0,0,236
2022-08-25,27.2,0.4,24.3,30.0,,,,71.0,79.0,53.0,3.0,1,237
2022-08-26,27.2,0.0,22.8,31.5,,,,60.0,72.0,42.0,5.0,1,238
2022-08-27,27.5,0.0,24.9,30.1,,,,70.0,76.0,57.0,2.0,1,239
2022-08-28,27.3,0.0,23.8,30.8,,,,66.0,75.0,55.0,1.0,1,240
2022-08-29,27.4,0.4,24.4,30.4,,,,68.0,79.0,52.0,5.0,1,241
2022-08-30,27.6,1.0,24.1,31.1,,,,72.0,80.0,63.0,8.0,1,242
2022-08-31,24.2,29.4,19.6,28.9,,,,77.0,89.0,56.0,2.0,1,243
2022-09-01,25.2,0.2,20.2,30.2,,,,66.0,78.0,50.0,1.0,1,244
2022-09-02,27.0,0.0,23.5,30.5,,,,74.0,81.0,57.0,5.0,1,245
2022-09-03,26.0,0.0,23.5,28.4,,,,73.0,81.0,61.0,1.0,1,246
2022-09-04,26.4,0.0,23.5,29.4,,,,77.0,83.0,69.0,1.0,1,247
2022-09-05,27.2,0.0,24.6,29.9,,,,76.0,87.0,71.0,4.0,1,248
2022-09-06,27.5,0.0,24.3,30.7,,,,72.0,87.0,60.0,2.0,1,249
2022-09-07,26.4,0.0,23.0,29.7,,,,74.0,81.0,62.0,4.0,1,250
2022-09-08,26.3,0.0,24.1,28.5,,,,59.0,75.0,45.0,2.0,1,251
2022-09-09,25.0,0.0,22.3,27.8,,,,62.0,70.0,57.0,3.0,1,252
2022-09-10,25.0,0.0,21.6,28.3,,,,67.0,77.0,59.0,2.0,1,253
2022-09-11,26.4,0.0,24.6,28.2,,,,76.0,80.0,71.0,4.0,1,254
2022-09-12,27.5,0.0,24.3,30.7,,,,75.0,85.0,66.0,2.0,1,255
2022-09-13,28.2,0.8,25.3,31.0,,,,59.0,85.0,40.0,9.0,1,256
2022-09-14,25.0,0.0,22.5,27.5,,,,69.0,76.0,51.0,7.0,1,257
2022-09-15,25.9,0.0,22.2,29.6,,,,67.0,76.0,59.0,5.0,1,258
2022-09-16,24.2,5.0,22.0,26.3,,,,73.0,88.0,65.0,3.0,1,259
2022-09-17,23.3,0.0,20.8,25.8,,,,58.0,84.0,45.0,6.0,1,260
2022-09-18,21.8,0.0,18.6,25.1,,,,54.0,70.0,45.0,6.0,1,261
2022-09-19,23.0,0.0,19.5,26.4,,,,66.0,79.0,56.0,7.0,1,262
2022-09-20,23.1,0.0,20.4,25.8,,,,65.0,76.0,56.0,9.0,1,263
2022-09-21,22.8,0.0,20.0,25.6,,,,62.0,79.0,54.0,9.0,1,264
2022-09-22,22.8,0.0,20.1,25.6,,,,62.0,72.0,51.0,5.0,1,265
2022-09-23,22.9,11.4,19.2,26.6,,,,66.0,83.0,55.0,8.0,1,266
2022-09-24,20.4,0.4,18.1,22.7,,,,74.0,89.0,62.0,1.0,1,267
2022-09-25,20.6,0.0,17.3,23.9,,,,60.0,74.0,49.0,1.0,1,268
2022-09-26,21.1,0.0,17.0,25.2,,,,51.0,72.0,33.0,2.0,1,269
2022-09-27,20.4,0.0,16.2,24.6,,,,54.0,68.0,43.0,6.0,1,270
2022-09-28,21.6,0.0,16.9,26.4,,,,47.0,73.0,37.0,6.0,1,271
2022-09-29,20.4,0.0,17.1,23.6,,,,58.0,75.0,41.0,5.0,1,272
2022-09-30,18.8,0.0,15.4,22.2,,,,55.0,70.0,44.0,2.0,1,273
2022-10-01,19.8,0.0,15.1,24.4,,,,55.0,68.0,39.0,0.0,0,274
2022-10-02,21.9,0.0,17.1,26.7,,,,60.0,75.0,39.0,1.0,1,275
2022-10-03,21.4,0.0,17.8,25.0,,,,72.0,81.0,62.0,1.0,1,276
2022-10-04,21.6,0.0,18.6,24.5,,,,69.0,83.0,57.0,0.0,0,277
2022-10-05,21.2,0.0,18.2,24.3,,,,75.0,83.0,69.0,3.0,1,278
2022-10-06,21.8,1.6,19.3,24.3,,,,70.0,77.0,64.0,2.0,1,279
2022-10-07,19.5,9.8,17.9,21.1,,,,83.0,91.0,67.0,0.0,0,280
2022-10-08,20.4,0.2,18.6,22.1,,,,77.0,86.0,67.0,0.0,0,281
2022-10-09,20.6,0.0,17.4,23.7,,,,77.0,90.0,63.0,4.0,1,282
2022-10-10,21.2,0.0,19.2,23.2,,,,79.0,86.0,72.0,3.0,1,283
2022-10-11,20.6,0.0,18.4,22.8,,,,77.0,83.0,70.0,0.0,0,284
2022-10-12,21.4,0.0,18.6,24.2,,,,66.0,80.0,56.0,3.0,1,285
2022-10-13,22.3,0.0,18.8,25.8,,,,65.0,81.0,52.0,1.0,1,286
2022-10-14,21.6,0.0,18.7,24.5,,,,73.0,87.0,56.0,5.0,1,287
2022-10-15,22.1,0.0,18.4,25.8,,,,78.0,89.0,68.0,1.0,1,288
2022-10-16,22.8,0.0,19.8,25.7,,,,82.0,87.0,71.0,3.0,1,289
2022-10-17,22.9,0.0,21.2,24.6,,,,83.0,88.0,78.0,1.0,1,290
2022-10-18,22.5,0.0,20.2,24.8,,,,83.0,91.0,73.0,4.0,1,291
2022-10-19,22.3,0.0,19.9,24.7,,,,79.0,92.0,73.0,0.0,0,292
2022-10-20,22.3,0.0,20.5,24.1,,,,82.0,89.0,70.0,2.0,1,293
2022-10-21,23.5,0.0,20.8,26.2,,,,68.0,81.0,60.0,8.0,1,294
2022-10-22,23.2,0.0,19.8,26.5,,,,54.0,81.0,41.0,2.0,1,295
2022-10-23,22.8,0.0,19.7,25.9,,,,78.0,85.0,60.0,2.0,1,296
2022-10-24,23.3,0.0,19.7,26.9,,,,58.0,88.0,44.0,2.0,1,297
2022-10-25,22.1,0.0,18.8,25.4,,,,75.0,87.0,55.0,4.0,1,298
2022-10-26,22.6,0.0,19.5,25.6,,,,83.0,91.0,66.0,1.0,1,299
2022-10-27,19.8,0.0,18.1,21.6,,,,84.0,92.0,76.0,4.0,1,300
2022-10-28,19.6,0.0,17.0,22.1,,,,84.0,93.0,77.0,0.0,0,301
2022-10-29,18.0,0.0,15.5,20.6,,,,84.0,91.0,73.0,3.0,1,302
2022-10-30,19.6,0.0,16.6,22.6,,,,82.0,90.0,71.0,0.0,0,303
2022-10-31,20.2,0.0,17.6,22.8,,,,84.0,90.0,74.0,1.0,1,304
2022-11-01,20.2,0.0,18.0,22.5,,,,79.0,88.0,59.0,3.0,1,305
2022-11-02,19.6,0.2,17.3,21.8,,,,71.0,86.0,57.0,0.0,0,306
2022-11-03,19.8,0.0,16.8,22.9,,,,70.0,87.0,55.0,2.0,1,307
2022-11-04,17.6,0.0,13.8,21.4,,,,44.0,65.0,31.0,3.0,1,308
2022-11-05,16.4,0.0,12.9,19.8,,,,47.0,65.0,37.0,5.0,1,309
2022-11-06,16.6,0.0,11.7,21.6,,,,61.0,81.0,40.0,2.0,1,310
2022-11-07,17.4,0.0,13.5,21.3,,,,73.0,87.0,46.0,3.0,1,311
2022-11-08,18.5,0.2,14.5,22.5,,,,80.0,90.0,65.0,3.0,1,312
2022-11-09,19.4,0.1,15.0,23.7,,,,63.0,91.0,46.0,3.0,1,313
2022-11-10,18.0,0.0,15.5,20.4,,,,74.0,92.0,62.0,1.0,1,314
2022-11-11,17.9,0.0,15.0,20.8,,,,78.0,84.0,61.0,1.0,1,315
2022-11-12,18.9,0.0,17.1,20.7,,,,80.0,85.0,75.0,1.0,1,316
2022-11-13,17.6,0.4,14.7,20.4,,,,79.0,89.0,72.0,0.0,0,317
2022-11-14,18.6,0.0,16.2,21.1,,,,77.0,91.0,67.0,2.0,1,318
2022-11-15,19.0,0.0,16.3,21.8,,,,63.0,79.0,53.0,1.0,1,319
2022-11-16,18.9,0.0,16.7,21.1,,,,63.0,76.0,43.0,0.0,0,320
2022-11-17,20.2,0.0,17.3,23.1,,,,60.0,68.0,43.0,4.0,1,321
2022-11-18,15.6,4.0,13.1,18.2,,,,65.0,78.0,50.0,2.0,1,322
2022-11-19,13.8,0.0,10.6,17.1,,,,58.0,84.0,43.0,0.0,0,323
2022-11-20,13.1,0.0,9.1,17.1,,,,54.0,70.0,36.0,0.0,0,324
2022-11-21,13.8,0.2,11.6,16.1,,,,67.0,78.0,57.0,0.0,0,325
2022-11-22,12.6,0.0,10.2,15.0,,,,48.0,67.0,40.0,0.0,0,326
2022-11-23,17.4,0.0,11.9,23.0,,,,68.0,79.0,49.0,0.0,0,327
2022-11-24,16.2,0.4,13.3,19.1,,,,73.0,81.0,56.0,2.0,1,328
2022-11-25,15.3,0.2,11.5,19.1,,,,68.0,79.0,56.0,1.0,1,329
2022-11-26,15.2,0.0,10.7,19.6,,,,48.0,68.0,35.0,0.0,0,330
2022-11-27,13.7,0.0,10.0,17.4,,,,68.0,85.0,54.0,1.0,1,331
2022-11-28,13.4,0.6,11.3,15.4,,,,73.0,86.0,59.0,2.0,1,332
2022-11-29,13.6,0.0,10.2,17.0,,,,60.0,76.0,47.0,0.0,0,333
2022-11-30,12.4,0.0,9.8,14.9,,,,68.0,77.0,61.0,2.0,1,334
2022-12-01,12.6,0.0,9.8,15.3,,,,58.0,78.0,50.0,0.0,0,335
2022-12-02,11.8,0.0,9.4,14.1,,,,53.0,63.0,48.0,0.0,0,336
2022-12-03,10.8,1.2,6.8,14.9,,,,59.0,83.0,43.0,0.0,0,337
2022-12-04,11.6,0.0,9.2,13.9,,,,59.0,83.0,44.0,0.0,0,338
2022-12-05,11.0,0.0,7.3,14.7,,,,67.0,80.0,53.0,1.0,1,339
2022-12-06,13.4,0.0,11.0,15.9,,,,74.0,86.0,66.0,0.0,0,340
2022-12-07,12.4,0.0,10.0,14.7,,,,76.0,87.0,68.0,0.0,0,341
2022-12-08,13.0,10.2,11.2,14.9,,,,85.0,93.0,77.0,2.0,1,342
2022-12-09,16.6,0.4,13.0,20.3,,,,73.0,93.0,50.0,0.0,0,343
2022-12-10,11.6,0.0,7.4,15.7,,,,57.0,82.0,37.0,0.0,0,344
2022-12-11,9.6,0.0,7.3,11.8,,,,57.0,82.0,41.0,0.0,0,345
2022-12-12,9.5,8.6,7.7,11.3,,,,74.0,91.0,59.0,0.0,0,346
2022-12-13,12.9,3.0,10.7,15.1,,,,86.0,92.0,77.0,0.0,0,347
2022-12-14,14.6,1.2,12.9,16.4,,,,85.0,94.0,78.0,0.0,0,348
2022-12-15,15.9,0.2,13.2,18.6,,,,79.0,90.0,58.0,0.0,0,349
2022-12-16,14.5,0.6,11.3,17.7,,,,65.0,81.0,51.0,4.0,1,350
2022-12-17,13.4,0.2,11.5,15.2,,,,82.0,86.0,69.0,0.0,0,351
2022-12-18,12.6,0.0,9.0,16.1,,,,79.0,87.0,68.0,1.0,1,352
2022-12-19,14.2,0.0,11.0,17.4,,,,83.0,91.0,67.0,0.0,0,353
2022-12-20,14.3,1.0,11.6,17.0,,,,82.0,92.0,67.0,0.0,0,354
2022-12-21,15.8,0.0,12.5,19.2,,,,68.0,87.0,51.0,2.0,1,355
2022-12-22,16.2,0.0,12.8,19.5,,,,63.0,76.0,54.0,0.0,0,356
2022-12-23,18.8,0.0,14.5,23.1,,,,56.0,74.0,45.0,1.0,1,357
2022-12-24,16.6,0.0,13.0,20.3,,,,61.0,71.0,50.0,0.0,0,358
2022-12-25,15.6,0.0,11.3,19.8,,,,74.0,86.0,52.0,0.0,0,359
2022-12-26,16.6,0.0,10.9,22.4,,,,67.0,89.0,38.0,0.0,0,360
2022-12-27,14.8,0.0,10.6,18.9,,,,73.0,90.0,55.0,4.0,1,361
2022-12-28,13.4,0.0,9.7,17.0,,,,76.0,82.0,69.0,7.0,1,362
2022-12-29,14.6,0.0,10.0,19.2,,,,62.0,82.0,45.0,4.0,1,363
2022-12-30,16.5,0.0,13.4,19.6,,,,62.0,71.0,52.0,3.0,1,364
2022-12-31,17.2,0.0,12.8,21.7,,,,62.0,83.0,42.0,1.0,1,365
2023-01-01,13.6,0.0,11.0,16.2,,,,79.0,89.0,71.0,0.0,0,1
2023-01-02,13.2,0.2,10.4,15.9,,,,76.0,87.0,67.0,2.0,1,2
2023-01-03,14.7,0.0,11.9,17.5,,,,76.0,85.0,62.0,0.0,0,3
2023-01-04,13.5,0.0,9.9,17.1,,,,70.0,80.0,59.0,0.0,0,4
2023-01-05,12.8,0.0,8.2,17.3,,,,71.0,82.0,39.0,0.0,0,5
2023-01-06,11.4,0.0,7.4,15.3,,,,66.0,81.0,54.0,0.0,0,6
2023-01-07,13.0,0.0,8.9,17.1,,,,59.0,86.0,40.0,0.0,0,7
2023-01-08,13.6,0.0,11.3,15.9,,,,70.0,77.0,56.0,0.0,0,8
2023-01-09,14.8,0.0,11.8,17.7,,,,46.0,81.0,38.0,0.0,0,9
2023-01-10,12.8,0.0,9.2,16.3,,,,55.0,80.0,44.0,0.0,0,10
2023-01-11,12.4,0.0,8.9,16.0,,,,59.0,83.0,51.0,0.0,0,11
2023-01-12,12.6,0.0,9.7,15.6,,,,60.0,70.0,47.0,0.0,0,12
2023-01-13,13.2,0.0,9.6,16.8,,,,56.0,73.0,46.0,3.0,1,13
2023-01-14,13.1,0.0,8.1,18.1,,,,65.0,75.0,50.0,0.0,0,14
2023-01-15,13.5,2.4,10.1,16.9,,,,62.0,80.0,52.0,2.0,1,15
2023-01-16,11.6,0.0,7.3,15.9,,,,51.0,81.0,43.0,1.0,1,16
2023-01-17,13.2,1.8,9.4,16.9,,,,43.0,72.0,29.0,0.0,0,17
2023-01-18,10.4,0.0,6.8,14.0,,,,40.0,57.0,18.0,0.0,0,18
2023-01-19,9.1,0.0,5.5,12.7,,,,47.0,61.0,36.0,0.0,0,19
2023-01-20,10.6,0.0,7.0,14.3,,,,60.0,74.0,25.0,1.0,1,20
2023-01-21,8.6,0.0,4.5,12.7,,,,19.0,48.0,13.0,1.0,1,21
2023-01-22,7.2,0.0,2.3,12.0,,,,33.0,46.0,20.0,0.0,0,22
2023-01-23,7.8,0.0,4.6,10.9,,,,42.0,60.0,27.0,0.0,0,23
2023-01-24,7.0,0.4,4.7,9.3,,,,67.0,72.0,45.0,0.0,0,24
2023-01-25,11.2,0.0,6.6,15.9,,,,40.0,72.0,23.0,3.0,1,25
2023-01-26,8.2,0.0,4.8,11.5,,,,54.0,75.0,40.0,0.0,0,26
2023-01-27,9.0,0.0,6.4,11.6,,,,64.0,76.0,52.0,0.0,0,27
2023-01-28,7.6,0.0,5.7,9.6,,,,56.0,73.0,48.0,0.0,0,28
2023-01-29,8.5,0.0,5.5,11.5,,,,56.0,65.0,48.0,0.0,0,29
2023-01-30,9.4,0.0,5.3,13.6,,,,41.0,55.0,25.0,1.0,1,30
2023-01-31,10.0,0.0,6.0,14.1,,,,42.0,51.0,29.0,0.0,0,31
2023-02-01,10.7,0.0,6.5,14.9,,,,51.0,62.0,35.0,0.0,0,32
2023-02-02,12.8,0.0,8.2,17.5,,,,51.0,80.0,23.0,1.0,1,33
2023-02-03,13.0,0.0,8.4,17.7,,,,49.0,68.0,25.0,0.0,0,34
2023-02-04,14.6,0.0,8.4,20.8,,,,32.0,72.0,17.0,0.0,0,35
2023-02-05,13.4,0.4,9.3,17.4,,,,46.0,74.0,28.0,0.0,0,36
2023-02-06,10.4,0.0,9.2,11.5,,,,60.0,75.0,45.0,1.0,1,37
2023-02-07,10.2,15.6,8.7,11.6,,,,71.0,90.0,48.0,0.0,0,38
2023-02-08,9.6,0.0,8.2,11.0,,,,69.0,80.0,61.0,0.0,0,39
2023-02-09,9.8,0.0,7.6,12.1,,,,55.0,65.0,51.0,1.0,1,40
2023-02-10,9.8,0.0,6.2,13.4,,,,60.0,69.0,47.0,0.0,0,41
2023-02-11,9.2,0.0,5.2,13.1,,,,60.0,74.0,42.0,1.0,1,42
2023-02-12,9.2,0.0,4.8,13.6,,,,65.0,79.0,50.0,1.0,1,43
2023-02-13,9.6,0.0,5.0,14.1,,,,69.0,83.0,58.0,0.0,0,44
2023-02-14,11.0,0.0,7.6,14.3,,,,70.0,86.0,57.0,0.0,0,45
2023-02-15,11.0,0.0,7.1,15.0,,,,72.0,86.0,56.0,1.0,1,46
2023-02-16,11.2,0.0,8.5,13.8,,,,74.0,86.0,64.0,0.0,0,47
2023-02-17,12.2,0.0,6.5,17.8,,,,55.0,87.0,36.0,0.0,0,48
2023-02-18,13.7,0.0,8.8,18.6,,,,56.0,74.0,29.0,3.0,1,49
2023-02-19,13.2,0.0,7.9,18.6,,,,56.0,75.0,37.0,2.0,1,50
2023-02-20,12.6,0.0,9.7,15.6,,,,79.0,88.0,52.0,1.0,1,51
2023-02-21,13.2,0.0,9.1,17.4,,,,67.0,91.0,42.0,2.0,1,52
2023-02-22,13.3,0.0,11.2,15.4,,,,79.0,87.0,72.0,2.0,1,53
2023-02-23,12.0,4.8,10.4,13.7,,,,83.0,89.0,75.0,0.0,0,54
2023-02-24,11.6,0.0,8.8,14.5,,,,53.0,89.0,42.0,2.0,1,55
2023-02-25,12.2,0.0,9.2,15.1,,,,54.0,76.0,32.0,0.0,0,56
2023-02-26,8.3,14.4,3.9,12.7,,,,60.0,85.0,55.0,0.0,0,57
2023-02-27,5.5,0.6,2.0,9.0,,,,56.0,87.0,35.0,0.0,0,58
2023-02-28,10.8,0.2,6.0,15.6,,,,38.0,57.0,30.0,2.0,1,59
2023-03-01,7.8,0.0,4.2,11.3,,,,40.0,49.0,27.0,0.0,0,60
2023-03-02,10.4,0.0,6.8,14.1,,,,44.0,56.0,30.0,0.0,0,61
2023-03-03,10.6,0.0,6.7,14.4,,,,49.0,71.0,39.0,5.0,1,62
2023-03-04,10.8,0.0,7.0,14.6,,,,55.0,77.0,39.0,0.0,0,63
2023-03-05,10.7,0.0,6.0,15.4,,,,62.0,78.0,41.0,0.0,0,64
2023-03-06,11.8,0.0,8.8,14.9,,,,67.0,81.0,56.0,11.0,1,65
2023-03-07,14.4,0.0,7.8,20.9,,,,71.0,85.0,42.0,0.0,0,66
2023-03-08,17.2,0.0,11.8,22.7,,,,52.0,78.0,37.0,1.0,1,67
2023-03-09,18.6,1.4,14.2,23.1,,,,66.0,83.0,41.0,0.0,0,68
2023-03-10,19.0,0.0,13.4,24.7,,,,47.0,69.0,26.0,1.0,1,69
2023-03-11,21.6,0.0,16.4,26.9,,,,46.0,64.0,31.0,1.0,1,70
2023-03-12,16.4,0.0,14.2,18.6,,,,73.0,84.0,60.0,1.0,1,71
2023-03-13,16.9,0.0,13.7,20.1,,,,73.0,88.0,25.0,1.0,1,72
2023-03-14,18.1,0.0,13.2,23.0,,,,40.0,74.0,19.0,3.0,1,73
2023-03-15,14.8,0.0,12.2,17.4,,,,72.0,87.0,53.0,3.0,1,74
2023-03-16,14.4,0.0,10.8,17.9,,,,73.0,88.0,51.0,1.0,1,75
2023-03-17,15.0,0.0,12.7,17.2,,,,78.0,86.0,69.0,2.0,1,76
2023-03-18,15.2,0.0,13.0,17.4,,,,74.0,86.0,61.0,0.0,0,77
2023-03-19,15.0,0.0,12.7,17.2,,,,71.0,88.0,59.0,2.0,1,78
2023-03-20,14.5,0.0,11.2,17.8,,,,75.0,84.0,52.0,2.0,1,79
2023-03-21,14.3,0.0,11.6,17.0,,,,75.0,83.0,65.0,2.0,1,80
2023-03-22,14.4,0.0,11.2,17.6,,,,74.0,86.0,63.0,0.0,0,81
2023-03-23,15.6,0.0,13.1,18.0,,,,79.0,87.0,67.0,5.0,1,82
2023-03-24,18.2,0.0,12.6,23.7,,,,69.0,86.0,35.0,1.0,1,83
2023-03-25,15.6,0.0,13.0,18.3,,,,65.0,84.0,50.0,4.0,1,84
2023-03-26,18.7,0.0,11.9,25.5,,,,61.0,81.0,9.0,1.0,1,85
2023-03-27,15.0,0.4,11.9,18.2,,,,56.0,79.0,29.0,5.0,1,86
2023-03-28,14.5,0.0,12.0,17.0,,,,73.0,78.0,62.0,0.0,0,87
2023-03-29,15.6,0.0,12.7,18.4,,,,66.0,78.0,54.0,4.0,1,88
2023-03-30,15.6,0.0,12.2,19.1,,,,72.0,83.0,64.0,2.0,1,89
2023-03-31,19.4,0.0,13.7,25.2,,,,77.0,86.0,23.0,0.0,0,90
2023-04-01,17.3,0.2,11.9,22.7,,,,38.0,81.0,19.0,1.0,1,91
2023-04-02,16.0,0.0,10.2,21.8,,,,45.0,80.0,17.0,0.0,0,92
2023-04-03,14.6,0.0,11.6,17.5,,,,55.0,72.0,36.0,2.0,1,93
2023-04-04,14.1,0.0,11.3,16.9,,,,59.0,76.0,51.0,1.0,1,94
2023-04-05,14.2,0.0,10.7,17.7,,,,64.0,77.0,31.0,0.0,0,95
2023-04-06,14.4,0.0,11.0,17.9,,,,67.0,82.0,50.0,3.0,1,96
2023-04-07,14.8,0.0,11.2,18.4,,,,59.0,80.0,41.0,0.0,0,97
2023-04-08,14.6,0.0,12.0,17.3,,,,56.0,75.0,44.0,1.0,1,98
2023-04-09,15.2,0.0,11.4,19.1,,,,53.0,81.0,25.0,1.0,1,99
2023-04-10,16.8,0.0,13.1,20.5,,,,69.0,83.0,55.0,0.0,0,100
2023-04-11,16.0,0.0,13.1,19.0,,,,68.0,84.0,54.0,0.0,0,101
2023-04-12,21.0,0.6,13.4,28.5,,,,63.0,85.0,8.0,1.0,1,102
2023-04-13,16.7,0.0,11.3,22.1,,,,39.0,75.0,12.0,3.0,1,103
2023-04-14,15.4,0.0,11.2,19.6,,,,41.0,78.0,35.0,2.0,1,104
2023-04-15,16.9,0.0,13.3,20.5,,,,59.0,79.0,37.0,0.0,0,105
2023-04-16,15.9,0.0,12.1,19.7,,,,45.0,70.0,20.0,0.0,0,106
2023-04-17,14.6,0.0,11.2,18.0,,,,55.0,71.0,45.0,0.0,0,107
2023-04-18,16.6,0.0,14.0,19.2,,,,66.0,76.0,56.0,0.0,0,108
2023-04-19,16.0,0.0,12.4,19.6,,,,60.0,79.0,38.0,0.0,0,109
2023-04-20,16.4,0.0,12.9,19.9,,,,57.0,84.0,36.0,2.0,1,110
2023-04-21,17.8,0.0,15.1,20.4,,,,72.0,89.0,60.0,2.0,1,111
2023-04-22,17.8,0.0,14.8,20.7,,,,74.0,89.0,62.0,0.0,0,112
2023-04-23,18.6,0.2,15.4,21.8,,,,66.0,86.0,45.0,0.0,0,113
2023-04-24,17.6,0.0,15.2,20.0,,,,77.0,89.0,67.0,2.0,1,114
2023-04-25,17.6,0.0,15.1,20.1,,,,82.0,88.0,74.0,3.0,1,115
2023-04-26,18.0,0.0,15.8,20.1,,,,75.0,82.0,67.0,2.0,1,116
2023-04-27,20.0,0.0,16.3,23.6,,,,62.0,83.0,48.0,233.0,1,117
2023-04-28,19.2,0.0,16.4,21.9,,,,80.0,90.0,68.0,6.0,1,118
2023-04-29,19.2,2.4,17.6,20.9,,,,74.0,86.0,58.0,0.0,0,119
2023-04-30,20.0,17.6,17.2,22.8,,,,77.0,88.0,63.0,2.0,1,120
2023-05-01,18.8,0.0,16.9,20.6,,,,73.0,85.0,67.0,2.0,1,121
2023-05-02,18.4,0.0,14.6,22.2,,,,66.0,84.0,52.0,6.0,1,122
2023-05-03,19.3,0.0,15.7,22.9,,,,70.0,85.0,49.0,0.0,0,123
2023-05-04,19.2,0.0,16.1,22.4,,,,72.0,89.0,51.0,4.0,1,124
2023-05-05,19.8,0.0,16.9,22.7,,,,71.0,89.0,63.0,250.0,1,125
